"Reference_Name","ISO_639","Proportional_Score","Support_Category","Feature_Name"
"Italian","ita",1,"Content","african_storybook"
"Italian","ita",1,"Content","bloom_library"
"Italian","ita",1,"Content","bookshare"
"Italian","ita",1,"Content","gutenberg"
"Italian","ita",1,"Content","jw_materials"
"Italian","ita",1,"Content","lds_materials"
"Italian","ita",1,"Content","medline"
"Italian","ita",1,"Content","msn_news"
"Italian","ita",1,"Content","opus"
"Italian","ita",1,"Content","quran_translation_online"
"Italian","ita",1,"Content","sil_covid_docs"
"Italian","ita",1,"Content","udhr_translation"
"Italian","ita",1,"Content","w3techs"
"Italian","ita",1,"Content","wattpad"
"Italian","ita",1,"Content","wdl"
"Italian","ita",1,"Content","yahoo_news"
"Italian","ita",1,"Content","youversion_bible"
"Italian","ita",1,"Encoding","apple_quicktype"
"Italian","ita",1,"Encoding","cldr"
"Italian","ita",1,"Encoding","gboard"
"Italian","ita",1,"Encoding","google_input_tools"
"Italian","ita",1,"Encoding","keyman"
"Italian","ita",1,"Encoding","mac_input"
"Italian","ita",1,"Encoding","opentype_ms"
"Italian","ita",1,"Encoding","sldr"
"Italian","ita",1,"Encoding","webos_input_method"
"Italian","ita",1,"Encoding","xkeyboard-config"
"Italian","ita",1,"Surface","adobe_all_tiers"
"Italian","ita",1,"Surface","apple_quicktype_contextual"
"Italian","ita",1,"Surface","apple_quicktype_predictive"
"Italian","ita",1,"Surface","bing"
"Italian","ita",1,"Surface","duckduckgo"
"Italian","ita",1,"Surface","firefox_dictionary"
"Italian","ita",1,"Surface","gboard_dictionary"
"Italian","ita",1,"Surface","google_drive"
"Italian","ita",1,"Surface","google_search"
"Italian","ita",1,"Surface","gsuite"
"Italian","ita",1,"Surface","hunspell"
"Italian","ita",1,"Surface","ios_spell_check"
"Italian","ita",1,"Surface","office_proofing_tools"
"Italian","ita",1,"Surface","yahoo"
"Italian","ita",1,"Localized","android_nougat_supported_locales"
"Italian","ita",1,"Localized","bbm_enterprise"
"Italian","ita",1,"Localized","bigo_live"
"Italian","ita",1,"Localized","blackberry_10"
"Italian","ita",1,"Localized","chrome_browser"
"Italian","ita",1,"Localized","chrome_os"
"Italian","ita",1,"Localized","edge"
"Italian","ita",1,"Localized","facebook"
"Italian","ita",1,"Localized","faceboook_messenger"
"Italian","ita",1,"Localized","firefox_lp"
"Italian","ita",1,"Localized","freebsd"
"Italian","ita",1,"Localized","instagram"
"Italian","ita",1,"Localized","internet_explorer"
"Italian","ita",1,"Localized","ios"
"Italian","ita",1,"Localized","kakao_talk"
"Italian","ita",1,"Localized","lg"
"Italian","ita",1,"Localized","linkedin"
"Italian","ita",1,"Localized","mac_os_high_sierra"
"Italian","ita",1,"Localized","musical.ly"
"Italian","ita",1,"Localized","office_partial_support"
"Italian","ita",1,"Localized","opera"
"Italian","ita",1,"Localized","pinterest"
"Italian","ita",1,"Localized","plasma_kde"
"Italian","ita",1,"Localized","reddit"
"Italian","ita",1,"Localized","safari"
"Italian","ita",1,"Localized","sailfish_os"
"Italian","ita",1,"Localized","skype"
"Italian","ita",1,"Localized","snapchat"
"Italian","ita",1,"Localized","solaris_11.2"
"Italian","ita",1,"Localized","tizen"
"Italian","ita",1,"Localized","twitter"
"Italian","ita",1,"Localized","ubuntu_bionic_beaver"
"Italian","ita",1,"Localized","ubuntu_touch"
"Italian","ita",1,"Localized","viber"
"Italian","ita",1,"Localized","vkontakte"
"Italian","ita",1,"Localized","wechat"
"Italian","ita",1,"Localized","whatsapp"
"Italian","ita",1,"Localized","windows_10_full"
"Italian","ita",1,"Localized","windows_10_mobile"
"Italian","ita",1,"Localized","youtube"
"Italian","ita",1,"Meaning","adobe_tiers_1_&_2"
"Italian","ita",1,"Meaning","apertium_incubator"
"Italian","ita",1,"Meaning","apertium_nursery"
"Italian","ita",1,"Meaning","apertium_trunk_staging"
"Italian","ita",1,"Meaning","baidu"
"Italian","ita",1,"Meaning","bixby_vision"
"Italian","ita",1,"Meaning","dialogflow_meaning"
"Italian","ita",1,"Meaning","google_translate"
"Italian","ita",1,"Meaning","microsoft_translator"
"Italian","ita",1,"Meaning","naver_papago"
"Italian","ita",1,"Meaning","office_full_support"
"Italian","ita",1,"Meaning","omniscien"
"Italian","ita",1,"Meaning","pairaphrase"
"Italian","ita",1,"Meaning","sogou_translate"
"Italian","ita",1,"Speech","acapela"
"Italian","ita",1,"Speech","amazon_polly"
"Italian","ita",1,"Speech","amazon_transcribe"
"Italian","ita",1,"Speech","amazon_transcribe_streaming"
"Italian","ita",1,"Speech","apple_quicktype_dictation"
"Italian","ita",1,"Speech","balabolka"
"Italian","ita",1,"Speech","cereproc"
"Italian","ita",1,"Speech","chromevox"
"Italian","ita",1,"Speech","dialogflow_speech"
"Italian","ita",1,"Speech","dragon_dictation"
"Italian","ita",1,"Speech","espeakng"
"Italian","ita",1,"Speech","firefox_chirpy"
"Italian","ita",1,"Speech","google_cloud_stt"
"Italian","ita",1,"Speech","google_text_to_speech"
"Italian","ita",1,"Speech","mac_dictation"
"Italian","ita",1,"Speech","microsoft_sr"
"Italian","ita",1,"Speech","microsoft_stt"
"Italian","ita",1,"Speech","microsoft_tts"
"Italian","ita",1,"Speech","naturalreader"
"Italian","ita",1,"Speech","nvda_tts"
"Italian","ita",1,"Speech","orca"
"Italian","ita",1,"Speech","vocalizer"
"Italian","ita",1,"Speech","watson"
"Italian","ita",1,"Assistant","alexa"
"Italian","ita",1,"Assistant","cortana"
"Italian","ita",1,"Assistant","dialogflow_assistant"
"Italian","ita",1,"Assistant","google_assistant"
"Italian","ita",1,"Assistant","siri"
"Dutch","nld",0.92987,"Content","african_storybook"
"Dutch","nld",0.92987,"Content","bloom_library"
"Dutch","nld",0.92987,"Content","bookshare"
"Dutch","nld",0.92987,"Content","gutenberg"
"Dutch","nld",0.92987,"Content","jw_materials"
"Dutch","nld",0.92987,"Content","lds_materials"
"Dutch","nld",0.92987,"Content","msn_news"
"Dutch","nld",0.92987,"Content","opus"
"Dutch","nld",0.92987,"Content","quran_translation_online"
"Dutch","nld",0.92987,"Content","sil_covid_docs"
"Dutch","nld",0.92987,"Content","udhr_translation"
"Dutch","nld",0.92987,"Content","w3techs"
"Dutch","nld",0.92987,"Content","wattpad"
"Dutch","nld",0.92987,"Content","wdl"
"Dutch","nld",0.92987,"Content","yahoo_news"
"Dutch","nld",0.92987,"Content","youversion_bible"
"Dutch","nld",0.92987,"Encoding","apple_quicktype"
"Dutch","nld",0.92987,"Encoding","cldr"
"Dutch","nld",0.92987,"Encoding","gboard"
"Dutch","nld",0.92987,"Encoding","google_input_tools"
"Dutch","nld",0.92987,"Encoding","keyman"
"Dutch","nld",0.92987,"Encoding","mac_input"
"Dutch","nld",0.92987,"Encoding","opentype_ms"
"Dutch","nld",0.92987,"Encoding","sldr"
"Dutch","nld",0.92987,"Encoding","webos_input_method"
"Dutch","nld",0.92987,"Encoding","xkeyboard-config"
"Dutch","nld",0.92987,"Surface","adobe_all_tiers"
"Dutch","nld",0.92987,"Surface","apple_quicktype_contextual"
"Dutch","nld",0.92987,"Surface","apple_quicktype_predictive"
"Dutch","nld",0.92987,"Surface","bing"
"Dutch","nld",0.92987,"Surface","duckduckgo"
"Dutch","nld",0.92987,"Surface","firefox_dictionary"
"Dutch","nld",0.92987,"Surface","gboard_dictionary"
"Dutch","nld",0.92987,"Surface","google_drive"
"Dutch","nld",0.92987,"Surface","google_search"
"Dutch","nld",0.92987,"Surface","gsuite"
"Dutch","nld",0.92987,"Surface","hunspell"
"Dutch","nld",0.92987,"Surface","ios_spell_check"
"Dutch","nld",0.92987,"Surface","office_proofing_tools"
"Dutch","nld",0.92987,"Surface","yahoo"
"Dutch","nld",0.92987,"Localized","android_nougat_supported_locales"
"Dutch","nld",0.92987,"Localized","bbm_enterprise"
"Dutch","nld",0.92987,"Localized","blackberry_10"
"Dutch","nld",0.92987,"Localized","chrome_browser"
"Dutch","nld",0.92987,"Localized","chrome_os"
"Dutch","nld",0.92987,"Localized","edge"
"Dutch","nld",0.92987,"Localized","facebook"
"Dutch","nld",0.92987,"Localized","faceboook_messenger"
"Dutch","nld",0.92987,"Localized","firefox_lp"
"Dutch","nld",0.92987,"Localized","freebsd"
"Dutch","nld",0.92987,"Localized","instagram"
"Dutch","nld",0.92987,"Localized","internet_explorer"
"Dutch","nld",0.92987,"Localized","ios"
"Dutch","nld",0.92987,"Localized","lg"
"Dutch","nld",0.92987,"Localized","linkedin"
"Dutch","nld",0.92987,"Localized","mac_os_high_sierra"
"Dutch","nld",0.92987,"Localized","musical.ly"
"Dutch","nld",0.92987,"Localized","office_partial_support"
"Dutch","nld",0.92987,"Localized","opera"
"Dutch","nld",0.92987,"Localized","pinterest"
"Dutch","nld",0.92987,"Localized","plasma_kde"
"Dutch","nld",0.92987,"Localized","reddit"
"Dutch","nld",0.92987,"Localized","safari"
"Dutch","nld",0.92987,"Localized","sailfish_os"
"Dutch","nld",0.92987,"Localized","skype"
"Dutch","nld",0.92987,"Localized","snapchat"
"Dutch","nld",0.92987,"Localized","solaris_11.2"
"Dutch","nld",0.92987,"Localized","tizen"
"Dutch","nld",0.92987,"Localized","twitter"
"Dutch","nld",0.92987,"Localized","ubuntu_bionic_beaver"
"Dutch","nld",0.92987,"Localized","ubuntu_touch"
"Dutch","nld",0.92987,"Localized","viber"
"Dutch","nld",0.92987,"Localized","vkontakte"
"Dutch","nld",0.92987,"Localized","whatsapp"
"Dutch","nld",0.92987,"Localized","windows_10_full"
"Dutch","nld",0.92987,"Localized","windows_10_mobile"
"Dutch","nld",0.92987,"Localized","youtube"
"Dutch","nld",0.92987,"Meaning","adobe_tiers_1_&_2"
"Dutch","nld",0.92987,"Meaning","apertium_incubator"
"Dutch","nld",0.92987,"Meaning","apertium_nursery"
"Dutch","nld",0.92987,"Meaning","apertium_trunk_staging"
"Dutch","nld",0.92987,"Meaning","baidu"
"Dutch","nld",0.92987,"Meaning","bixby_vision"
"Dutch","nld",0.92987,"Meaning","google_translate"
"Dutch","nld",0.92987,"Meaning","microsoft_translator"
"Dutch","nld",0.92987,"Meaning","office_full_support"
"Dutch","nld",0.92987,"Meaning","omniscien"
"Dutch","nld",0.92987,"Meaning","pairaphrase"
"Dutch","nld",0.92987,"Meaning","sogou_translate"
"Dutch","nld",0.92987,"Speech","acapela"
"Dutch","nld",0.92987,"Speech","amazon_polly"
"Dutch","nld",0.92987,"Speech","amazon_transcribe"
"Dutch","nld",0.92987,"Speech","apple_quicktype_dictation"
"Dutch","nld",0.92987,"Speech","balabolka"
"Dutch","nld",0.92987,"Speech","cereproc"
"Dutch","nld",0.92987,"Speech","chromevox"
"Dutch","nld",0.92987,"Speech","dialogflow_speech"
"Dutch","nld",0.92987,"Speech","dragon_dictation"
"Dutch","nld",0.92987,"Speech","espeakng"
"Dutch","nld",0.92987,"Speech","firefox_chirpy"
"Dutch","nld",0.92987,"Speech","google_cloud_stt"
"Dutch","nld",0.92987,"Speech","google_text_to_speech"
"Dutch","nld",0.92987,"Speech","mac_dictation"
"Dutch","nld",0.92987,"Speech","microsoft_stt"
"Dutch","nld",0.92987,"Speech","microsoft_tts"
"Dutch","nld",0.92987,"Speech","nvda_tts"
"Dutch","nld",0.92987,"Speech","orca"
"Dutch","nld",0.92987,"Speech","vocalizer"
"Dutch","nld",0.92987,"Speech","watson"
"Dutch","nld",0.92987,"Assistant","google_assistant"
"Dutch","nld",0.92987,"Assistant","siri"
"Vietnamese","vie",0.872727,"Content","bbc_news"
"Vietnamese","vie",0.872727,"Content","bloom_library"
"Vietnamese","vie",0.872727,"Content","bookshare"
"Vietnamese","vie",0.872727,"Content","jw_materials"
"Vietnamese","vie",0.872727,"Content","lds_materials"
"Vietnamese","vie",0.872727,"Content","medline"
"Vietnamese","vie",0.872727,"Content","msn_news"
"Vietnamese","vie",0.872727,"Content","opus"
"Vietnamese","vie",0.872727,"Content","sil_covid_docs"
"Vietnamese","vie",0.872727,"Content","udhr_translation"
"Vietnamese","vie",0.872727,"Content","w3techs"
"Vietnamese","vie",0.872727,"Content","wattpad"
"Vietnamese","vie",0.872727,"Content","wdl"
"Vietnamese","vie",0.872727,"Content","yahoo_news"
"Vietnamese","vie",0.872727,"Content","youversion_bible"
"Vietnamese","vie",0.872727,"Encoding","apple_quicktype"
"Vietnamese","vie",0.872727,"Encoding","cldr"
"Vietnamese","vie",0.872727,"Encoding","gboard"
"Vietnamese","vie",0.872727,"Encoding","google_input_tools"
"Vietnamese","vie",0.872727,"Encoding","keyman"
"Vietnamese","vie",0.872727,"Encoding","mac_input"
"Vietnamese","vie",0.872727,"Encoding","opentype_ms"
"Vietnamese","vie",0.872727,"Encoding","sldr"
"Vietnamese","vie",0.872727,"Encoding","webos_input_method"
"Vietnamese","vie",0.872727,"Encoding","xkeyboard-config"
"Vietnamese","vie",0.872727,"Surface","apple_quicktype_contextual"
"Vietnamese","vie",0.872727,"Surface","apple_quicktype_predictive"
"Vietnamese","vie",0.872727,"Surface","bing"
"Vietnamese","vie",0.872727,"Surface","duckduckgo"
"Vietnamese","vie",0.872727,"Surface","firefox_dictionary"
"Vietnamese","vie",0.872727,"Surface","gboard_dictionary"
"Vietnamese","vie",0.872727,"Surface","google_drive"
"Vietnamese","vie",0.872727,"Surface","google_search"
"Vietnamese","vie",0.872727,"Surface","gsuite"
"Vietnamese","vie",0.872727,"Surface","hunspell"
"Vietnamese","vie",0.872727,"Surface","office_proofing_tools"
"Vietnamese","vie",0.872727,"Surface","yahoo"
"Vietnamese","vie",0.872727,"Localized","android_nougat_supported_locales"
"Vietnamese","vie",0.872727,"Localized","bbm_enterprise"
"Vietnamese","vie",0.872727,"Localized","bigo_live"
"Vietnamese","vie",0.872727,"Localized","blackberry_10"
"Vietnamese","vie",0.872727,"Localized","chrome_browser"
"Vietnamese","vie",0.872727,"Localized","chrome_os"
"Vietnamese","vie",0.872727,"Localized","edge"
"Vietnamese","vie",0.872727,"Localized","facebook"
"Vietnamese","vie",0.872727,"Localized","faceboook_messenger"
"Vietnamese","vie",0.872727,"Localized","firefox_lp"
"Vietnamese","vie",0.872727,"Localized","instagram"
"Vietnamese","vie",0.872727,"Localized","internet_explorer"
"Vietnamese","vie",0.872727,"Localized","ios"
"Vietnamese","vie",0.872727,"Localized","kakao_talk"
"Vietnamese","vie",0.872727,"Localized","lg"
"Vietnamese","vie",0.872727,"Localized","mac_os_high_sierra"
"Vietnamese","vie",0.872727,"Localized","musical.ly"
"Vietnamese","vie",0.872727,"Localized","office_partial_support"
"Vietnamese","vie",0.872727,"Localized","opera"
"Vietnamese","vie",0.872727,"Localized","pinterest"
"Vietnamese","vie",0.872727,"Localized","plasma_kde"
"Vietnamese","vie",0.872727,"Localized","reddit"
"Vietnamese","vie",0.872727,"Localized","safari"
"Vietnamese","vie",0.872727,"Localized","sailfish_os"
"Vietnamese","vie",0.872727,"Localized","skype"
"Vietnamese","vie",0.872727,"Localized","snapchat"
"Vietnamese","vie",0.872727,"Localized","solaris_11.2"
"Vietnamese","vie",0.872727,"Localized","twitter"
"Vietnamese","vie",0.872727,"Localized","ubuntu_bionic_beaver"
"Vietnamese","vie",0.872727,"Localized","ubuntu_touch"
"Vietnamese","vie",0.872727,"Localized","uc_browser"
"Vietnamese","vie",0.872727,"Localized","viber"
"Vietnamese","vie",0.872727,"Localized","vkontakte"
"Vietnamese","vie",0.872727,"Localized","wechat"
"Vietnamese","vie",0.872727,"Localized","whatsapp"
"Vietnamese","vie",0.872727,"Localized","windows_10_full"
"Vietnamese","vie",0.872727,"Localized","windows_10_lip"
"Vietnamese","vie",0.872727,"Localized","windows_10_mobile"
"Vietnamese","vie",0.872727,"Localized","youtube"
"Vietnamese","vie",0.872727,"Meaning","apertium_incubator"
"Vietnamese","vie",0.872727,"Meaning","baidu"
"Vietnamese","vie",0.872727,"Meaning","bixby_vision"
"Vietnamese","vie",0.872727,"Meaning","google_translate"
"Vietnamese","vie",0.872727,"Meaning","microsoft_translator"
"Vietnamese","vie",0.872727,"Meaning","naver_papago"
"Vietnamese","vie",0.872727,"Meaning","office_full_support"
"Vietnamese","vie",0.872727,"Meaning","omniscien"
"Vietnamese","vie",0.872727,"Meaning","pairaphrase"
"Vietnamese","vie",0.872727,"Meaning","sogou_translate"
"Vietnamese","vie",0.872727,"Speech","apple_quicktype_dictation"
"Vietnamese","vie",0.872727,"Speech","balabolka"
"Vietnamese","vie",0.872727,"Speech","chromevox"
"Vietnamese","vie",0.872727,"Speech","espeakng"
"Vietnamese","vie",0.872727,"Speech","firefox_chirpy"
"Vietnamese","vie",0.872727,"Speech","google_cloud_stt"
"Vietnamese","vie",0.872727,"Speech","google_text_to_speech"
"Vietnamese","vie",0.872727,"Speech","mac_dictation"
"Vietnamese","vie",0.872727,"Speech","microsoft_stt"
"Vietnamese","vie",0.872727,"Speech","microsoft_tts"
"Vietnamese","vie",0.872727,"Speech","nvda_tts"
"Vietnamese","vie",0.872727,"Speech","orca"
"Vietnamese","vie",0.872727,"Assistant","google_assistant"
"Bengali","ben",0.835029,"Content","bbc_news"
"Bengali","ben",0.835029,"Content","bloom_library"
"Bengali","ben",0.835029,"Content","bookshare"
"Bengali","ben",0.835029,"Content","jw_materials"
"Bengali","ben",0.835029,"Content","lds_materials"
"Bengali","ben",0.835029,"Content","medline"
"Bengali","ben",0.835029,"Content","msn_news"
"Bengali","ben",0.835029,"Content","opus"
"Bengali","ben",0.835029,"Content","quran_translation_online"
"Bengali","ben",0.835029,"Content","sil_covid_docs"
"Bengali","ben",0.835029,"Content","ss1"
"Bengali","ben",0.835029,"Content","udhr_translation"
"Bengali","ben",0.835029,"Content","w3techs"
"Bengali","ben",0.835029,"Content","wattpad"
"Bengali","ben",0.835029,"Content","youversion_bible"
"Bengali","ben",0.835029,"Encoding","apple_quicktype"
"Bengali","ben",0.835029,"Encoding","cldr"
"Bengali","ben",0.835029,"Encoding","gboard"
"Bengali","ben",0.835029,"Encoding","google_input_tools"
"Bengali","ben",0.835029,"Encoding","keyman"
"Bengali","ben",0.835029,"Encoding","mac_input"
"Bengali","ben",0.835029,"Encoding","opentype_ms"
"Bengali","ben",0.835029,"Encoding","sldr"
"Bengali","ben",0.835029,"Encoding","webos_input_method"
"Bengali","ben",0.835029,"Surface","bing"
"Bengali","ben",0.835029,"Surface","duckduckgo"
"Bengali","ben",0.835029,"Surface","firefox_dictionary"
"Bengali","ben",0.835029,"Surface","gboard_dictionary"
"Bengali","ben",0.835029,"Surface","google_drive"
"Bengali","ben",0.835029,"Surface","google_search"
"Bengali","ben",0.835029,"Surface","gsuite"
"Bengali","ben",0.835029,"Surface","hunspell"
"Bengali","ben",0.835029,"Surface","office_proofing_tools"
"Bengali","ben",0.835029,"Localized","android_nougat_supported_locales"
"Bengali","ben",0.835029,"Localized","chrome_browser"
"Bengali","ben",0.835029,"Localized","chrome_os"
"Bengali","ben",0.835029,"Localized","edge"
"Bengali","ben",0.835029,"Localized","facebook"
"Bengali","ben",0.835029,"Localized","faceboook_messenger"
"Bengali","ben",0.835029,"Localized","firefox_lp"
"Bengali","ben",0.835029,"Localized","freebsd"
"Bengali","ben",0.835029,"Localized","instagram"
"Bengali","ben",0.835029,"Localized","internet_explorer"
"Bengali","ben",0.835029,"Localized","musical.ly"
"Bengali","ben",0.835029,"Localized","office_partial_support"
"Bengali","ben",0.835029,"Localized","opera"
"Bengali","ben",0.835029,"Localized","pinterest"
"Bengali","ben",0.835029,"Localized","plasma_kde"
"Bengali","ben",0.835029,"Localized","reddit"
"Bengali","ben",0.835029,"Localized","sailfish_os"
"Bengali","ben",0.835029,"Localized","snapchat"
"Bengali","ben",0.835029,"Localized","solaris_11.2"
"Bengali","ben",0.835029,"Localized","twitter"
"Bengali","ben",0.835029,"Localized","ubuntu_bionic_beaver"
"Bengali","ben",0.835029,"Localized","ubuntu_touch"
"Bengali","ben",0.835029,"Localized","uc_browser"
"Bengali","ben",0.835029,"Localized","vkontakte"
"Bengali","ben",0.835029,"Localized","whatsapp"
"Bengali","ben",0.835029,"Localized","windows_10_full"
"Bengali","ben",0.835029,"Localized","windows_10_lip"
"Bengali","ben",0.835029,"Localized","windows_10_mobile"
"Bengali","ben",0.835029,"Localized","youtube"
"Bengali","ben",0.835029,"Meaning","apertium_incubator"
"Bengali","ben",0.835029,"Meaning","baidu"
"Bengali","ben",0.835029,"Meaning","bixby_vision"
"Bengali","ben",0.835029,"Meaning","google_translate"
"Bengali","ben",0.835029,"Meaning","microsoft_translator"
"Bengali","ben",0.835029,"Meaning","office_full_support"
"Bengali","ben",0.835029,"Meaning","omniscien"
"Bengali","ben",0.835029,"Meaning","pairaphrase"
"Bengali","ben",0.835029,"Meaning","sogou_translate"
"Bengali","ben",0.835029,"Speech","chromevox"
"Bengali","ben",0.835029,"Speech","espeakng"
"Bengali","ben",0.835029,"Speech","google_cloud_stt"
"Bengali","ben",0.835029,"Speech","google_text_to_speech"
"Bengali","ben",0.835029,"Speech","nvda_tts"
"Bengali","ben",0.835029,"Speech","orca"
"Bengali","ben",0.835029,"Assistant","google_assistant"
"Standard Latvian","lvs",0.816488,"Content","jw_materials"
"Standard Latvian","lvs",0.816488,"Content","lds_materials"
"Standard Latvian","lvs",0.816488,"Content","opus"
"Standard Latvian","lvs",0.816488,"Content","sil_covid_docs"
"Standard Latvian","lvs",0.816488,"Content","udhr_translation"
"Standard Latvian","lvs",0.816488,"Content","w3techs"
"Standard Latvian","lvs",0.816488,"Content","wattpad"
"Standard Latvian","lvs",0.816488,"Content","wdl"
"Standard Latvian","lvs",0.816488,"Content","yahoo_news"
"Standard Latvian","lvs",0.816488,"Content","youversion_bible"
"Standard Latvian","lvs",0.816488,"Encoding","apple_quicktype"
"Standard Latvian","lvs",0.816488,"Encoding","cldr"
"Standard Latvian","lvs",0.816488,"Encoding","gboard"
"Standard Latvian","lvs",0.816488,"Encoding","google_input_tools"
"Standard Latvian","lvs",0.816488,"Encoding","keyman"
"Standard Latvian","lvs",0.816488,"Encoding","mac_input"
"Standard Latvian","lvs",0.816488,"Encoding","opentype_ms"
"Standard Latvian","lvs",0.816488,"Encoding","sldr"
"Standard Latvian","lvs",0.816488,"Encoding","webos_input_method"
"Standard Latvian","lvs",0.816488,"Surface","bing"
"Standard Latvian","lvs",0.816488,"Surface","duckduckgo"
"Standard Latvian","lvs",0.816488,"Surface","firefox_dictionary"
"Standard Latvian","lvs",0.816488,"Surface","gboard_dictionary"
"Standard Latvian","lvs",0.816488,"Surface","google_drive"
"Standard Latvian","lvs",0.816488,"Surface","google_search"
"Standard Latvian","lvs",0.816488,"Surface","gsuite"
"Standard Latvian","lvs",0.816488,"Surface","hunspell"
"Standard Latvian","lvs",0.816488,"Surface","office_proofing_tools"
"Standard Latvian","lvs",0.816488,"Surface","yahoo"
"Standard Latvian","lvs",0.816488,"Localized","android_nougat_supported_locales"
"Standard Latvian","lvs",0.816488,"Localized","chrome_browser"
"Standard Latvian","lvs",0.816488,"Localized","chrome_os"
"Standard Latvian","lvs",0.816488,"Localized","edge"
"Standard Latvian","lvs",0.816488,"Localized","facebook"
"Standard Latvian","lvs",0.816488,"Localized","faceboook_messenger"
"Standard Latvian","lvs",0.816488,"Localized","firefox_lp"
"Standard Latvian","lvs",0.816488,"Localized","internet_explorer"
"Standard Latvian","lvs",0.816488,"Localized","lg"
"Standard Latvian","lvs",0.816488,"Localized","office_partial_support"
"Standard Latvian","lvs",0.816488,"Localized","opera"
"Standard Latvian","lvs",0.816488,"Localized","plasma_kde"
"Standard Latvian","lvs",0.816488,"Localized","reddit"
"Standard Latvian","lvs",0.816488,"Localized","sailfish_os"
"Standard Latvian","lvs",0.816488,"Localized","skype"
"Standard Latvian","lvs",0.816488,"Localized","solaris_11.2"
"Standard Latvian","lvs",0.816488,"Localized","tizen"
"Standard Latvian","lvs",0.816488,"Localized","ubuntu_bionic_beaver"
"Standard Latvian","lvs",0.816488,"Localized","ubuntu_touch"
"Standard Latvian","lvs",0.816488,"Localized","vkontakte"
"Standard Latvian","lvs",0.816488,"Localized","whatsapp"
"Standard Latvian","lvs",0.816488,"Localized","windows_10_full"
"Standard Latvian","lvs",0.816488,"Localized","windows_10_mobile"
"Standard Latvian","lvs",0.816488,"Localized","youtube"
"Standard Latvian","lvs",0.816488,"Meaning","apertium_incubator"
"Standard Latvian","lvs",0.816488,"Meaning","baidu"
"Standard Latvian","lvs",0.816488,"Meaning","bixby_vision"
"Standard Latvian","lvs",0.816488,"Meaning","google_translate"
"Standard Latvian","lvs",0.816488,"Meaning","microsoft_translator"
"Standard Latvian","lvs",0.816488,"Meaning","office_full_support"
"Standard Latvian","lvs",0.816488,"Meaning","omniscien"
"Standard Latvian","lvs",0.816488,"Meaning","pairaphrase"
"Standard Latvian","lvs",0.816488,"Meaning","sogou_translate"
"Standard Latvian","lvs",0.816488,"Speech","chromevox"
"Standard Latvian","lvs",0.816488,"Speech","espeakng"
"Standard Latvian","lvs",0.816488,"Speech","firefox_chirpy"
"Standard Latvian","lvs",0.816488,"Speech","google_cloud_stt"
"Standard Latvian","lvs",0.816488,"Speech","microsoft_stt"
"Standard Latvian","lvs",0.816488,"Speech","microsoft_tts"
"Standard Latvian","lvs",0.816488,"Speech","orca"
"Telugu","tel",0.799605,"Content","bloom_library"
"Telugu","tel",0.799605,"Content","bookshare"
"Telugu","tel",0.799605,"Content","gutenberg"
"Telugu","tel",0.799605,"Content","jw_materials"
"Telugu","tel",0.799605,"Content","lds_materials"
"Telugu","tel",0.799605,"Content","msn_news"
"Telugu","tel",0.799605,"Content","opus"
"Telugu","tel",0.799605,"Content","sil_covid_docs"
"Telugu","tel",0.799605,"Content","ss1"
"Telugu","tel",0.799605,"Content","udhr_translation"
"Telugu","tel",0.799605,"Content","w3techs"
"Telugu","tel",0.799605,"Content","wikipedia"
"Telugu","tel",0.799605,"Content","wp_incubator"
"Telugu","tel",0.799605,"Content","youversion_bible"
"Telugu","tel",0.799605,"Encoding","apple_quicktype"
"Telugu","tel",0.799605,"Encoding","cldr"
"Telugu","tel",0.799605,"Encoding","gboard"
"Telugu","tel",0.799605,"Encoding","google_input_tools"
"Telugu","tel",0.799605,"Encoding","keyman"
"Telugu","tel",0.799605,"Encoding","mac_input"
"Telugu","tel",0.799605,"Encoding","opentype_ms"
"Telugu","tel",0.799605,"Encoding","sldr"
"Telugu","tel",0.799605,"Encoding","webos_input_method"
"Telugu","tel",0.799605,"Surface","bing"
"Telugu","tel",0.799605,"Surface","duckduckgo"
"Telugu","tel",0.799605,"Surface","firefox_dictionary"
"Telugu","tel",0.799605,"Surface","gboard_dictionary"
"Telugu","tel",0.799605,"Surface","google_drive"
"Telugu","tel",0.799605,"Surface","google_search"
"Telugu","tel",0.799605,"Surface","gsuite"
"Telugu","tel",0.799605,"Surface","hunspell"
"Telugu","tel",0.799605,"Surface","office_proofing_tools"
"Telugu","tel",0.799605,"Localized","android_nougat_supported_locales"
"Telugu","tel",0.799605,"Localized","chrome_browser"
"Telugu","tel",0.799605,"Localized","chrome_os"
"Telugu","tel",0.799605,"Localized","edge"
"Telugu","tel",0.799605,"Localized","facebook"
"Telugu","tel",0.799605,"Localized","faceboook_messenger"
"Telugu","tel",0.799605,"Localized","firefox_lp"
"Telugu","tel",0.799605,"Localized","instagram"
"Telugu","tel",0.799605,"Localized","internet_explorer"
"Telugu","tel",0.799605,"Localized","musical.ly"
"Telugu","tel",0.799605,"Localized","office_partial_support"
"Telugu","tel",0.799605,"Localized","opera"
"Telugu","tel",0.799605,"Localized","pinterest"
"Telugu","tel",0.799605,"Localized","plasma_kde"
"Telugu","tel",0.799605,"Localized","reddit"
"Telugu","tel",0.799605,"Localized","sailfish_os"
"Telugu","tel",0.799605,"Localized","snapchat"
"Telugu","tel",0.799605,"Localized","solaris_11.2"
"Telugu","tel",0.799605,"Localized","ubuntu_bionic_beaver"
"Telugu","tel",0.799605,"Localized","ubuntu_touch"
"Telugu","tel",0.799605,"Localized","whatsapp"
"Telugu","tel",0.799605,"Localized","windows_10_full"
"Telugu","tel",0.799605,"Localized","windows_10_lip"
"Telugu","tel",0.799605,"Localized","windows_10_mobile"
"Telugu","tel",0.799605,"Localized","youtube"
"Telugu","tel",0.799605,"Meaning","apertium_incubator"
"Telugu","tel",0.799605,"Meaning","baidu"
"Telugu","tel",0.799605,"Meaning","google_translate"
"Telugu","tel",0.799605,"Meaning","microsoft_translator"
"Telugu","tel",0.799605,"Meaning","office_full_support"
"Telugu","tel",0.799605,"Meaning","pairaphrase"
"Telugu","tel",0.799605,"Speech","amazon_transcribe"
"Telugu","tel",0.799605,"Speech","chromevox"
"Telugu","tel",0.799605,"Speech","espeakng"
"Telugu","tel",0.799605,"Speech","google_cloud_stt"
"Telugu","tel",0.799605,"Speech","microsoft_stt"
"Telugu","tel",0.799605,"Speech","microsoft_tts"
"Telugu","tel",0.799605,"Speech","nvda_tts"
"Telugu","tel",0.799605,"Speech","orca"
"Telugu","tel",0.799605,"Assistant","google_assistant"
"Filipino","fil",0.775385,"Content","bloom_library"
"Filipino","fil",0.775385,"Content","bookshare"
"Filipino","fil",0.775385,"Content","opus"
"Filipino","fil",0.775385,"Content","sil_covid_docs"
"Filipino","fil",0.775385,"Content","udhr_translation"
"Filipino","fil",0.775385,"Content","w3techs"
"Filipino","fil",0.775385,"Content","wattpad"
"Filipino","fil",0.775385,"Content","wp_incubator"
"Filipino","fil",0.775385,"Encoding","apple_quicktype"
"Filipino","fil",0.775385,"Encoding","cldr"
"Filipino","fil",0.775385,"Encoding","gboard"
"Filipino","fil",0.775385,"Encoding","google_input_tools"
"Filipino","fil",0.775385,"Encoding","keyman"
"Filipino","fil",0.775385,"Encoding","opentype_ms"
"Filipino","fil",0.775385,"Encoding","sldr"
"Filipino","fil",0.775385,"Surface","bing"
"Filipino","fil",0.775385,"Surface","duckduckgo"
"Filipino","fil",0.775385,"Surface","gboard_dictionary"
"Filipino","fil",0.775385,"Surface","google_drive"
"Filipino","fil",0.775385,"Surface","google_search"
"Filipino","fil",0.775385,"Surface","gsuite"
"Filipino","fil",0.775385,"Surface","office_proofing_tools"
"Filipino","fil",0.775385,"Localized","android_nougat_supported_locales"
"Filipino","fil",0.775385,"Localized","bbm_enterprise"
"Filipino","fil",0.775385,"Localized","chrome_browser"
"Filipino","fil",0.775385,"Localized","chrome_os"
"Filipino","fil",0.775385,"Localized","edge"
"Filipino","fil",0.775385,"Localized","facebook"
"Filipino","fil",0.775385,"Localized","instagram"
"Filipino","fil",0.775385,"Localized","internet_explorer"
"Filipino","fil",0.775385,"Localized","musical.ly"
"Filipino","fil",0.775385,"Localized","office_partial_support"
"Filipino","fil",0.775385,"Localized","opera"
"Filipino","fil",0.775385,"Localized","pinterest"
"Filipino","fil",0.775385,"Localized","reddit"
"Filipino","fil",0.775385,"Localized","snapchat"
"Filipino","fil",0.775385,"Localized","twitter"
"Filipino","fil",0.775385,"Localized","ubuntu_bionic_beaver"
"Filipino","fil",0.775385,"Localized","ubuntu_touch"
"Filipino","fil",0.775385,"Localized","whatsapp"
"Filipino","fil",0.775385,"Localized","windows_10_full"
"Filipino","fil",0.775385,"Localized","windows_10_lip"
"Filipino","fil",0.775385,"Localized","windows_10_mobile"
"Filipino","fil",0.775385,"Localized","youtube"
"Filipino","fil",0.775385,"Meaning","baidu"
"Filipino","fil",0.775385,"Meaning","bixby_vision"
"Filipino","fil",0.775385,"Meaning","google_translate"
"Filipino","fil",0.775385,"Meaning","microsoft_translator"
"Filipino","fil",0.775385,"Meaning","office_full_support"
"Filipino","fil",0.775385,"Meaning","sogou_translate"
"Filipino","fil",0.775385,"Speech","balabolka"
"Filipino","fil",0.775385,"Speech","chromevox"
"Filipino","fil",0.775385,"Speech","google_cloud_stt"
"Filipino","fil",0.775385,"Speech","google_text_to_speech"
"Filipino","fil",0.775385,"Speech","microsoft_stt"
"Odia","ory",0.74253,"Content","bloom_library"
"Odia","ory",0.74253,"Content","jw_materials"
"Odia","ory",0.74253,"Content","opus"
"Odia","ory",0.74253,"Content","sil_covid_docs"
"Odia","ory",0.74253,"Content","ss1"
"Odia","ory",0.74253,"Content","udhr_translation"
"Odia","ory",0.74253,"Content","w3techs"
"Odia","ory",0.74253,"Content","wikipedia"
"Odia","ory",0.74253,"Content","wp_incubator"
"Odia","ory",0.74253,"Content","youversion_bible"
"Odia","ory",0.74253,"Encoding","apple_quicktype"
"Odia","ory",0.74253,"Encoding","cldr"
"Odia","ory",0.74253,"Encoding","gboard"
"Odia","ory",0.74253,"Encoding","google_input_tools"
"Odia","ory",0.74253,"Encoding","keyman"
"Odia","ory",0.74253,"Encoding","mac_input"
"Odia","ory",0.74253,"Encoding","opentype_ms"
"Odia","ory",0.74253,"Encoding","sldr"
"Odia","ory",0.74253,"Surface","bing"
"Odia","ory",0.74253,"Surface","duckduckgo"
"Odia","ory",0.74253,"Surface","firefox_dictionary"
"Odia","ory",0.74253,"Surface","gboard_dictionary"
"Odia","ory",0.74253,"Surface","google_drive"
"Odia","ory",0.74253,"Surface","google_search"
"Odia","ory",0.74253,"Surface","office_proofing_tools"
"Odia","ory",0.74253,"Localized","android_nougat_supported_locales"
"Odia","ory",0.74253,"Localized","chrome_browser"
"Odia","ory",0.74253,"Localized","chrome_os"
"Odia","ory",0.74253,"Localized","edge"
"Odia","ory",0.74253,"Localized","facebook"
"Odia","ory",0.74253,"Localized","faceboook_messenger"
"Odia","ory",0.74253,"Localized","firefox_lp"
"Odia","ory",0.74253,"Localized","internet_explorer"
"Odia","ory",0.74253,"Localized","musical.ly"
"Odia","ory",0.74253,"Localized","office_partial_support"
"Odia","ory",0.74253,"Localized","opera"
"Odia","ory",0.74253,"Localized","solaris_11.2"
"Odia","ory",0.74253,"Localized","ubuntu_bionic_beaver"
"Odia","ory",0.74253,"Localized","ubuntu_touch"
"Odia","ory",0.74253,"Localized","windows_10_full"
"Odia","ory",0.74253,"Localized","windows_10_lip"
"Odia","ory",0.74253,"Localized","youtube"
"Odia","ory",0.74253,"Meaning","baidu"
"Odia","ory",0.74253,"Meaning","google_translate"
"Odia","ory",0.74253,"Meaning","microsoft_translator"
"Odia","ory",0.74253,"Meaning","office_full_support"
"Odia","ory",0.74253,"Speech","espeakng"
"Odia","ory",0.74253,"Speech","orca"
"Kinyarwanda","kin",0.639207,"Content","african_storybook"
"Kinyarwanda","kin",0.639207,"Content","bbc_news"
"Kinyarwanda","kin",0.639207,"Content","bloom_library"
"Kinyarwanda","kin",0.639207,"Content","gdl"
"Kinyarwanda","kin",0.639207,"Content","indigenous_blogs"
"Kinyarwanda","kin",0.639207,"Content","indigenous_tweets"
"Kinyarwanda","kin",0.639207,"Content","jw_materials"
"Kinyarwanda","kin",0.639207,"Content","lds_materials"
"Kinyarwanda","kin",0.639207,"Content","medline"
"Kinyarwanda","kin",0.639207,"Content","opus"
"Kinyarwanda","kin",0.639207,"Content","sil_covid_docs"
"Kinyarwanda","kin",0.639207,"Content","ss1"
"Kinyarwanda","kin",0.639207,"Content","udhr_translation"
"Kinyarwanda","kin",0.639207,"Content","w3techs"
"Kinyarwanda","kin",0.639207,"Content","wikipedia"
"Kinyarwanda","kin",0.639207,"Content","wp_incubator"
"Kinyarwanda","kin",0.639207,"Content","youversion_bible"
"Kinyarwanda","kin",0.639207,"Encoding","cldr"
"Kinyarwanda","kin",0.639207,"Encoding","gboard"
"Kinyarwanda","kin",0.639207,"Encoding","keyman"
"Kinyarwanda","kin",0.639207,"Encoding","opentype_ms"
"Kinyarwanda","kin",0.639207,"Encoding","sldr"
"Kinyarwanda","kin",0.639207,"Encoding","xkeyboard-config"
"Kinyarwanda","kin",0.639207,"Surface","bing"
"Kinyarwanda","kin",0.639207,"Surface","gboard_dictionary"
"Kinyarwanda","kin",0.639207,"Surface","google_drive"
"Kinyarwanda","kin",0.639207,"Surface","google_search"
"Kinyarwanda","kin",0.639207,"Surface","office_proofing_tools"
"Kinyarwanda","kin",0.639207,"Localized","android_nougat_supported_locales"
"Kinyarwanda","kin",0.639207,"Localized","chrome_browser"
"Kinyarwanda","kin",0.639207,"Localized","chrome_os"
"Kinyarwanda","kin",0.639207,"Localized","edge"
"Kinyarwanda","kin",0.639207,"Localized","facebook"
"Kinyarwanda","kin",0.639207,"Localized","faceboook_messenger"
"Kinyarwanda","kin",0.639207,"Localized","internet_explorer"
"Kinyarwanda","kin",0.639207,"Localized","office_partial_support"
"Kinyarwanda","kin",0.639207,"Localized","ubuntu_bionic_beaver"
"Kinyarwanda","kin",0.639207,"Localized","windows_10_full"
"Kinyarwanda","kin",0.639207,"Localized","windows_10_lip"
"Kinyarwanda","kin",0.639207,"Meaning","baidu"
"Kinyarwanda","kin",0.639207,"Meaning","google_translate"
"Kinyarwanda","kin",0.639207,"Meaning","office_full_support"
"Kinyarwanda","kin",0.639207,"Speech","orca"
"Plateau Malagasy","plt",0.610905,"Content","african_storybook"
"Plateau Malagasy","plt",0.610905,"Content","indigenous_tweets"
"Plateau Malagasy","plt",0.610905,"Content","jw_materials"
"Plateau Malagasy","plt",0.610905,"Content","lds_materials"
"Plateau Malagasy","plt",0.610905,"Content","opus"
"Plateau Malagasy","plt",0.610905,"Content","sil_covid_docs"
"Plateau Malagasy","plt",0.610905,"Content","udhr_translation"
"Plateau Malagasy","plt",0.610905,"Content","w3techs"
"Plateau Malagasy","plt",0.610905,"Content","wikipedia"
"Plateau Malagasy","plt",0.610905,"Content","wp_incubator"
"Plateau Malagasy","plt",0.610905,"Content","youversion_bible"
"Plateau Malagasy","plt",0.610905,"Encoding","cldr"
"Plateau Malagasy","plt",0.610905,"Encoding","gboard"
"Plateau Malagasy","plt",0.610905,"Encoding","keyman"
"Plateau Malagasy","plt",0.610905,"Encoding","opentype_ms"
"Plateau Malagasy","plt",0.610905,"Encoding","sldr"
"Plateau Malagasy","plt",0.610905,"Surface","firefox_dictionary"
"Plateau Malagasy","plt",0.610905,"Surface","gboard_dictionary"
"Plateau Malagasy","plt",0.610905,"Surface","google_drive"
"Plateau Malagasy","plt",0.610905,"Surface","google_search"
"Plateau Malagasy","plt",0.610905,"Localized","android_nougat_supported_locales"
"Plateau Malagasy","plt",0.610905,"Localized","chrome_browser"
"Plateau Malagasy","plt",0.610905,"Localized","chrome_os"
"Plateau Malagasy","plt",0.610905,"Localized","facebook"
"Plateau Malagasy","plt",0.610905,"Localized","faceboook_messenger"
"Plateau Malagasy","plt",0.610905,"Localized","firefox_lp"
"Plateau Malagasy","plt",0.610905,"Localized","opera"
"Plateau Malagasy","plt",0.610905,"Localized","ubuntu_bionic_beaver"
"Plateau Malagasy","plt",0.610905,"Localized","ubuntu_touch"
"Plateau Malagasy","plt",0.610905,"Meaning","baidu"
"Plateau Malagasy","plt",0.610905,"Meaning","google_translate"
"Plateau Malagasy","plt",0.610905,"Meaning","microsoft_translator"
"Plateau Malagasy","plt",0.610905,"Meaning","pairaphrase"
"Plateau Malagasy","plt",0.610905,"Meaning","sogou_translate"
"Occitan (post 1500)","oci",0.608533,"Content","gutenberg"
"Occitan (post 1500)","oci",0.608533,"Content","indigenous_blogs"
"Occitan (post 1500)","oci",0.608533,"Content","indigenous_tweets"
"Occitan (post 1500)","oci",0.608533,"Content","udhr_translation"
"Occitan (post 1500)","oci",0.608533,"Content","w3techs"
"Occitan (post 1500)","oci",0.608533,"Content","wikipedia"
"Occitan (post 1500)","oci",0.608533,"Content","wp_incubator"
"Occitan (post 1500)","oci",0.608533,"Content","youversion_bible"
"Occitan (post 1500)","oci",0.608533,"Encoding","gboard"
"Occitan (post 1500)","oci",0.608533,"Encoding","keyman"
"Occitan (post 1500)","oci",0.608533,"Encoding","opentype_ms"
"Occitan (post 1500)","oci",0.608533,"Encoding","sldr"
"Occitan (post 1500)","oci",0.608533,"Surface","firefox_dictionary"
"Occitan (post 1500)","oci",0.608533,"Surface","gboard_dictionary"
"Occitan (post 1500)","oci",0.608533,"Surface","google_drive"
"Occitan (post 1500)","oci",0.608533,"Surface","google_search"
"Occitan (post 1500)","oci",0.608533,"Surface","hunspell"
"Occitan (post 1500)","oci",0.608533,"Localized","chrome_browser"
"Occitan (post 1500)","oci",0.608533,"Localized","chrome_os"
"Occitan (post 1500)","oci",0.608533,"Localized","firefox_lp"
"Occitan (post 1500)","oci",0.608533,"Localized","opera"
"Occitan (post 1500)","oci",0.608533,"Localized","plasma_kde"
"Occitan (post 1500)","oci",0.608533,"Localized","sailfish_os"
"Occitan (post 1500)","oci",0.608533,"Localized","ubuntu_bionic_beaver"
"Occitan (post 1500)","oci",0.608533,"Localized","ubuntu_touch"
"Occitan (post 1500)","oci",0.608533,"Meaning","apertium_trunk_staging"
"Occitan (post 1500)","oci",0.608533,"Meaning","baidu"
"Occitan (post 1500)","oci",0.608533,"Speech","orca"
"Eastern Yiddish","ydd",0.585804,"Content","bloom_library"
"Eastern Yiddish","ydd",0.585804,"Content","gutenberg"
"Eastern Yiddish","ydd",0.585804,"Content","indigenous_blogs"
"Eastern Yiddish","ydd",0.585804,"Content","indigenous_tweets"
"Eastern Yiddish","ydd",0.585804,"Content","medline"
"Eastern Yiddish","ydd",0.585804,"Content","opus"
"Eastern Yiddish","ydd",0.585804,"Content","sil_covid_docs"
"Eastern Yiddish","ydd",0.585804,"Content","udhr_translation"
"Eastern Yiddish","ydd",0.585804,"Content","w3techs"
"Eastern Yiddish","ydd",0.585804,"Content","wdl"
"Eastern Yiddish","ydd",0.585804,"Content","wikipedia"
"Eastern Yiddish","ydd",0.585804,"Content","wp_incubator"
"Eastern Yiddish","ydd",0.585804,"Encoding","cldr"
"Eastern Yiddish","ydd",0.585804,"Encoding","gboard"
"Eastern Yiddish","ydd",0.585804,"Encoding","google_input_tools"
"Eastern Yiddish","ydd",0.585804,"Encoding","keyman"
"Eastern Yiddish","ydd",0.585804,"Encoding","opentype_ms"
"Eastern Yiddish","ydd",0.585804,"Encoding","sldr"
"Eastern Yiddish","ydd",0.585804,"Surface","gboard_dictionary"
"Eastern Yiddish","ydd",0.585804,"Surface","google_drive"
"Eastern Yiddish","ydd",0.585804,"Surface","google_search"
"Eastern Yiddish","ydd",0.585804,"Localized","android_nougat_supported_locales"
"Eastern Yiddish","ydd",0.585804,"Localized","chrome_browser"
"Eastern Yiddish","ydd",0.585804,"Localized","chrome_os"
"Eastern Yiddish","ydd",0.585804,"Localized","opera"
"Eastern Yiddish","ydd",0.585804,"Localized","ubuntu_bionic_beaver"
"Eastern Yiddish","ydd",0.585804,"Meaning","baidu"
"Eastern Yiddish","ydd",0.585804,"Meaning","google_translate"
"Eastern Yiddish","ydd",0.585804,"Meaning","pairaphrase"
"Luxembourgish","ltz",0.513997,"Content","jw_materials"
"Luxembourgish","ltz",0.513997,"Content","opus"
"Luxembourgish","ltz",0.513997,"Content","sil_covid_docs"
"Luxembourgish","ltz",0.513997,"Content","udhr_translation"
"Luxembourgish","ltz",0.513997,"Content","wikipedia"
"Luxembourgish","ltz",0.513997,"Content","wp_incubator"
"Luxembourgish","ltz",0.513997,"Encoding","cldr"
"Luxembourgish","ltz",0.513997,"Encoding","gboard"
"Luxembourgish","ltz",0.513997,"Encoding","keyman"
"Luxembourgish","ltz",0.513997,"Encoding","opentype_ms"
"Luxembourgish","ltz",0.513997,"Encoding","sldr"
"Luxembourgish","ltz",0.513997,"Encoding","webos_input_method"
"Luxembourgish","ltz",0.513997,"Surface","gboard_dictionary"
"Luxembourgish","ltz",0.513997,"Surface","office_proofing_tools"
"Luxembourgish","ltz",0.513997,"Localized","android_nougat_supported_locales"
"Luxembourgish","ltz",0.513997,"Localized","chrome_browser"
"Luxembourgish","ltz",0.513997,"Localized","chrome_os"
"Luxembourgish","ltz",0.513997,"Localized","edge"
"Luxembourgish","ltz",0.513997,"Localized","internet_explorer"
"Luxembourgish","ltz",0.513997,"Localized","office_partial_support"
"Luxembourgish","ltz",0.513997,"Localized","opera"
"Luxembourgish","ltz",0.513997,"Localized","reddit"
"Luxembourgish","ltz",0.513997,"Localized","ubuntu_bionic_beaver"
"Luxembourgish","ltz",0.513997,"Localized","ubuntu_touch"
"Luxembourgish","ltz",0.513997,"Localized","windows_10_full"
"Luxembourgish","ltz",0.513997,"Localized","windows_10_lip"
"Luxembourgish","ltz",0.513997,"Meaning","apertium_incubator"
"Luxembourgish","ltz",0.513997,"Meaning","baidu"
"Luxembourgish","ltz",0.513997,"Meaning","google_translate"
"Luxembourgish","ltz",0.513997,"Meaning","office_full_support"
"Luxembourgish","ltz",0.513997,"Meaning","pairaphrase"
"Campidanese Sardinian","sro",0.48825,"Content","indigenous_tweets"
"Campidanese Sardinian","sro",0.48825,"Content","opus"
"Campidanese Sardinian","sro",0.48825,"Content","udhr_translation"
"Campidanese Sardinian","sro",0.48825,"Content","w3techs"
"Campidanese Sardinian","sro",0.48825,"Content","wikipedia"
"Campidanese Sardinian","sro",0.48825,"Content","wp_incubator"
"Campidanese Sardinian","sro",0.48825,"Encoding","gboard"
"Campidanese Sardinian","sro",0.48825,"Encoding","keyman"
"Campidanese Sardinian","sro",0.48825,"Encoding","opentype_ms"
"Campidanese Sardinian","sro",0.48825,"Surface","duckduckgo"
"Campidanese Sardinian","sro",0.48825,"Surface","gboard_dictionary"
"Campidanese Sardinian","sro",0.48825,"Localized","facebook"
"Campidanese Sardinian","sro",0.48825,"Localized","faceboook_messenger"
"Campidanese Sardinian","sro",0.48825,"Localized","ubuntu_bionic_beaver"
"Campidanese Sardinian","sro",0.48825,"Localized","ubuntu_touch"
"Campidanese Sardinian","sro",0.48825,"Meaning","apertium_incubator"
"Campidanese Sardinian","sro",0.48825,"Meaning","apertium_trunk_staging"
"Campidanese Sardinian","sro",0.48825,"Meaning","baidu"
"Walloon","wln",0.425181,"Content","indigenous_tweets"
"Walloon","wln",0.425181,"Content","opus"
"Walloon","wln",0.425181,"Content","udhr_translation"
"Walloon","wln",0.425181,"Content","w3techs"
"Walloon","wln",0.425181,"Content","wikipedia"
"Walloon","wln",0.425181,"Content","wp_incubator"
"Walloon","wln",0.425181,"Encoding","gboard"
"Walloon","wln",0.425181,"Encoding","keyman"
"Walloon","wln",0.425181,"Encoding","opentype_ms"
"Walloon","wln",0.425181,"Encoding","sldr"
"Walloon","wln",0.425181,"Surface","gboard_dictionary"
"Walloon","wln",0.425181,"Localized","chrome_browser"
"Walloon","wln",0.425181,"Localized","chrome_os"
"Walloon","wln",0.425181,"Localized","opera"
"Walloon","wln",0.425181,"Localized","plasma_kde"
"Walloon","wln",0.425181,"Localized","ubuntu_bionic_beaver"
"Walloon","wln",0.425181,"Meaning","baidu"
"Manx","glv",0.412387,"Content","indigenous_blogs"
"Manx","glv",0.412387,"Content","indigenous_tweets"
"Manx","glv",0.412387,"Content","opus"
"Manx","glv",0.412387,"Content","wikipedia"
"Manx","glv",0.412387,"Content","wp_incubator"
"Manx","glv",0.412387,"Content","youversion_bible"
"Manx","glv",0.412387,"Encoding","cldr"
"Manx","glv",0.412387,"Encoding","gboard"
"Manx","glv",0.412387,"Encoding","keyman"
"Manx","glv",0.412387,"Encoding","opentype_ms"
"Manx","glv",0.412387,"Encoding","sldr"
"Manx","glv",0.412387,"Surface","gboard_dictionary"
"Manx","glv",0.412387,"Localized","android_nougat_supported_locales"
"Manx","glv",0.412387,"Localized","ubuntu_bionic_beaver"
"Manx","glv",0.412387,"Localized","ubuntu_touch"
"Manx","glv",0.412387,"Meaning","apertium_incubator"
"Manx","glv",0.412387,"Meaning","baidu"
"Tagalog","tgl",0.374711,"Content","bloom_library"
"Tagalog","tgl",0.374711,"Content","gutenberg"
"Tagalog","tgl",0.374711,"Content","jw_materials"
"Tagalog","tgl",0.374711,"Content","lds_materials"
"Tagalog","tgl",0.374711,"Content","medline"
"Tagalog","tgl",0.374711,"Content","opus"
"Tagalog","tgl",0.374711,"Content","sil_covid_docs"
"Tagalog","tgl",0.374711,"Content","ss1"
"Tagalog","tgl",0.374711,"Content","w3techs"
"Tagalog","tgl",0.374711,"Content","wdl"
"Tagalog","tgl",0.374711,"Content","wikipedia"
"Tagalog","tgl",0.374711,"Content","wp_incubator"
"Tagalog","tgl",0.374711,"Content","youversion_bible"
"Tagalog","tgl",0.374711,"Encoding","keyman"
"Tagalog","tgl",0.374711,"Encoding","opentype_ms"
"Tagalog","tgl",0.374711,"Surface","firefox_dictionary"
"Tagalog","tgl",0.374711,"Surface","yahoo"
"Tagalog","tgl",0.374711,"Localized","faceboook_messenger"
"Tagalog","tgl",0.374711,"Localized","firefox_lp"
"Tagalog","tgl",0.374711,"Localized","linkedin"
"Tagalog","tgl",0.374711,"Localized","ubuntu_bionic_beaver"
"Tagalog","tgl",0.374711,"Localized","vkontakte"
"Tagalog","tgl",0.374711,"Meaning","apertium_incubator"
"Tagalog","tgl",0.374711,"Meaning","baidu"
"Tagalog","tgl",0.374711,"Meaning","google_translate"
"Tagalog","tgl",0.374711,"Meaning","omniscien"
"Tagalog","tgl",0.374711,"Meaning","pairaphrase"
"Chuanqiandian Cluster Miao","cqd",0.332781,"Content","jw_materials"
"Chuanqiandian Cluster Miao","cqd",0.332781,"Content","lds_materials"
"Chuanqiandian Cluster Miao","cqd",0.332781,"Content","medline"
"Chuanqiandian Cluster Miao","cqd",0.332781,"Content","opus"
"Chuanqiandian Cluster Miao","cqd",0.332781,"Content","sil_covid_docs"
"Chuanqiandian Cluster Miao","cqd",0.332781,"Content","ss1"
"Chuanqiandian Cluster Miao","cqd",0.332781,"Content","udhr_translation"
"Chuanqiandian Cluster Miao","cqd",0.332781,"Encoding","gboard"
"Chuanqiandian Cluster Miao","cqd",0.332781,"Encoding","opentype_ms"
"Chuanqiandian Cluster Miao","cqd",0.332781,"Surface","gboard_dictionary"
"Chuanqiandian Cluster Miao","cqd",0.332781,"Localized","chrome_browser"
"Chuanqiandian Cluster Miao","cqd",0.332781,"Localized","chrome_os"
"Chuanqiandian Cluster Miao","cqd",0.332781,"Localized","opera"
"Chuanqiandian Cluster Miao","cqd",0.332781,"Meaning","baidu"
"Chuanqiandian Cluster Miao","cqd",0.332781,"Meaning","google_translate"
"Kikuyu","kik",0.309107,"Content","african_storybook"
"Kikuyu","kik",0.309107,"Content","bloom_library"
"Kikuyu","kik",0.309107,"Content","indigenous_blogs"
"Kikuyu","kik",0.309107,"Content","indigenous_tweets"
"Kikuyu","kik",0.309107,"Content","jw_materials"
"Kikuyu","kik",0.309107,"Content","opus"
"Kikuyu","kik",0.309107,"Content","sil_covid_docs"
"Kikuyu","kik",0.309107,"Content","w3techs"
"Kikuyu","kik",0.309107,"Content","wikipedia"
"Kikuyu","kik",0.309107,"Content","wp_incubator"
"Kikuyu","kik",0.309107,"Content","youversion_bible"
"Kikuyu","kik",0.309107,"Encoding","cldr"
"Kikuyu","kik",0.309107,"Encoding","gboard"
"Kikuyu","kik",0.309107,"Encoding","opentype_ms"
"Kikuyu","kik",0.309107,"Encoding","sldr"
"Kikuyu","kik",0.309107,"Surface","gboard_dictionary"
"Kikuyu","kik",0.309107,"Localized","android_nougat_supported_locales"
"Limburgan","lim",0.302965,"Content","indigenous_tweets"
"Limburgan","lim",0.302965,"Content","w3techs"
"Limburgan","lim",0.302965,"Content","wikipedia"
"Limburgan","lim",0.302965,"Content","wp_incubator"
"Limburgan","lim",0.302965,"Encoding","gboard"
"Limburgan","lim",0.302965,"Encoding","keyman"
"Limburgan","lim",0.302965,"Encoding","opentype_ms"
"Limburgan","lim",0.302965,"Surface","gboard_dictionary"
"Limburgan","lim",0.302965,"Localized","ubuntu_bionic_beaver"
"Limburgan","lim",0.302965,"Meaning","baidu"
"Afar","aar",0.298008,"Content","indigenous_blogs"
"Afar","aar",0.298008,"Content","ss1"
"Afar","aar",0.298008,"Content","udhr_translation"
"Afar","aar",0.298008,"Content","w3techs"
"Afar","aar",0.298008,"Content","wikipedia"
"Afar","aar",0.298008,"Content","wp_incubator"
"Afar","aar",0.298008,"Encoding","gboard"
"Afar","aar",0.298008,"Encoding","opentype_ms"
"Afar","aar",0.298008,"Encoding","sldr"
"Afar","aar",0.298008,"Surface","gboard_dictionary"
"Afar","aar",0.298008,"Localized","ubuntu_bionic_beaver"
"Afar","aar",0.298008,"Localized","ubuntu_touch"
"Inari Sami","smn",0.28704,"Content","indigenous_tweets"
"Inari Sami","smn",0.28704,"Content","udhr_translation"
"Inari Sami","smn",0.28704,"Content","wikipedia"
"Inari Sami","smn",0.28704,"Content","wp_incubator"
"Inari Sami","smn",0.28704,"Encoding","cldr"
"Inari Sami","smn",0.28704,"Encoding","keyman"
"Inari Sami","smn",0.28704,"Encoding","opentype_ms"
"Inari Sami","smn",0.28704,"Encoding","sldr"
"Inari Sami","smn",0.28704,"Localized","android_nougat_supported_locales"
"Inari Sami","smn",0.28704,"Meaning","apertium_nursery"
"Seselwa Creole French","crs",0.272824,"Content","indigenous_blogs"
"Seselwa Creole French","crs",0.272824,"Content","jw_materials"
"Seselwa Creole French","crs",0.272824,"Content","opus"
"Seselwa Creole French","crs",0.272824,"Content","udhr_translation"
"Seselwa Creole French","crs",0.272824,"Content","youversion_bible"
"Seselwa Creole French","crs",0.272824,"Encoding","gboard"
"Seselwa Creole French","crs",0.272824,"Encoding","keyman"
"Seselwa Creole French","crs",0.272824,"Encoding","opentype_ms"
"Seselwa Creole French","crs",0.272824,"Surface","gboard_dictionary"
"Seselwa Creole French","crs",0.272824,"Surface","google_drive"
"Seselwa Creole French","crs",0.272824,"Surface","google_search"
"Plains Cree","crk",0.269537,"Content","indigenous_tweets"
"Plains Cree","crk",0.269537,"Content","jw_materials"
"Plains Cree","crk",0.269537,"Content","sil_covid_docs"
"Plains Cree","crk",0.269537,"Content","wikipedia"
"Plains Cree","crk",0.269537,"Content","wp_incubator"
"Plains Cree","crk",0.269537,"Content","youversion_bible"
"Plains Cree","crk",0.269537,"Encoding","gboard"
"Plains Cree","crk",0.269537,"Encoding","keyman"
"Plains Cree","crk",0.269537,"Encoding","opentype_ms"
"Plains Cree","crk",0.269537,"Encoding","sldr"
"Plains Cree","crk",0.269537,"Surface","gboard_dictionary"
"Zande (individual language)","zne",0.269537,"Content","african_storybook"
"Zande (individual language)","zne",0.269537,"Content","jw_materials"
"Zande (individual language)","zne",0.269537,"Content","opus"
"Zande (individual language)","zne",0.269537,"Content","sil_covid_docs"
"Zande (individual language)","zne",0.269537,"Content","ss1"
"Zande (individual language)","zne",0.269537,"Content","youversion_bible"
"Zande (individual language)","zne",0.269537,"Encoding","gboard"
"Zande (individual language)","zne",0.269537,"Encoding","keyman"
"Zande (individual language)","zne",0.269537,"Encoding","opentype_ms"
"Zande (individual language)","zne",0.269537,"Encoding","sldr"
"Zande (individual language)","zne",0.269537,"Surface","gboard_dictionary"
"Sena","seh",0.256124,"Content","jw_materials"
"Sena","seh",0.256124,"Content","opus"
"Sena","seh",0.256124,"Content","youversion_bible"
"Sena","seh",0.256124,"Encoding","cldr"
"Sena","seh",0.256124,"Encoding","gboard"
"Sena","seh",0.256124,"Encoding","opentype_ms"
"Sena","seh",0.256124,"Encoding","sldr"
"Sena","seh",0.256124,"Surface","gboard_dictionary"
"Sena","seh",0.256124,"Localized","android_nougat_supported_locales"
"Abkhazian","abk",0.248476,"Content","indigenous_tweets"
"Abkhazian","abk",0.248476,"Content","jw_materials"
"Abkhazian","abk",0.248476,"Content","opus"
"Abkhazian","abk",0.248476,"Content","sil_covid_docs"
"Abkhazian","abk",0.248476,"Content","udhr_translation"
"Abkhazian","abk",0.248476,"Content","w3techs"
"Abkhazian","abk",0.248476,"Content","wikipedia"
"Abkhazian","abk",0.248476,"Content","wp_incubator"
"Abkhazian","abk",0.248476,"Encoding","gboard"
"Abkhazian","abk",0.248476,"Encoding","opentype_ms"
"Abkhazian","abk",0.248476,"Surface","gboard_dictionary"
"Abkhazian","abk",0.248476,"Localized","ubuntu_bionic_beaver"
"Abkhazian","abk",0.248476,"Localized","vkontakte"
"Ghoml'","bbj",0.240867,"Content","jw_materials"
"Ghoml'","bbj",0.240867,"Content","opus"
"Ghoml'","bbj",0.240867,"Content","wp_incubator"
"Ghoml'","bbj",0.240867,"Content","youversion_bible"
"Ghoml'","bbj",0.240867,"Encoding","gboard"
"Ghoml'","bbj",0.240867,"Encoding","keyman"
"Ghoml'","bbj",0.240867,"Encoding","opentype_ms"
"Ghoml'","bbj",0.240867,"Surface","gboard_dictionary"
"Southern Dagaare","dga",0.240867,"Content","african_storybook"
"Southern Dagaare","dga",0.240867,"Content","jw_materials"
"Southern Dagaare","dga",0.240867,"Content","opus"
"Southern Dagaare","dga",0.240867,"Content","sil_covid_docs"
"Southern Dagaare","dga",0.240867,"Content","udhr_translation"
"Southern Dagaare","dga",0.240867,"Content","youversion_bible"
"Southern Dagaare","dga",0.240867,"Encoding","gboard"
"Southern Dagaare","dga",0.240867,"Encoding","keyman"
"Southern Dagaare","dga",0.240867,"Encoding","sldr"
"Southern Dagaare","dga",0.240867,"Surface","gboard_dictionary"
"S'gaw Karen","ksw",0.240867,"Content","gdl"
"S'gaw Karen","ksw",0.240867,"Content","jw_materials"
"S'gaw Karen","ksw",0.240867,"Content","lds_materials"
"S'gaw Karen","ksw",0.240867,"Content","medline"
"S'gaw Karen","ksw",0.240867,"Content","opus"
"S'gaw Karen","ksw",0.240867,"Content","sil_covid_docs"
"S'gaw Karen","ksw",0.240867,"Content","udhr_translation"
"S'gaw Karen","ksw",0.240867,"Content","wp_incubator"
"S'gaw Karen","ksw",0.240867,"Content","youversion_bible"
"S'gaw Karen","ksw",0.240867,"Encoding","gboard"
"S'gaw Karen","ksw",0.240867,"Encoding","keyman"
"S'gaw Karen","ksw",0.240867,"Encoding","opentype_ms"
"S'gaw Karen","ksw",0.240867,"Surface","gboard_dictionary"
"Northern Thai","nod",0.240867,"Content","bloom_library"
"Northern Thai","nod",0.240867,"Content","sil_covid_docs"
"Northern Thai","nod",0.240867,"Content","wp_incubator"
"Northern Thai","nod",0.240867,"Content","youversion_bible"
"Northern Thai","nod",0.240867,"Encoding","gboard"
"Northern Thai","nod",0.240867,"Encoding","opentype_ms"
"Northern Thai","nod",0.240867,"Encoding","sldr"
"Northern Thai","nod",0.240867,"Surface","gboard_dictionary"
"Adyghe","ady",0.229439,"Content","opus"
"Adyghe","ady",0.229439,"Content","udhr_translation"
"Adyghe","ady",0.229439,"Content","wikipedia"
"Adyghe","ady",0.229439,"Content","wp_incubator"
"Adyghe","ady",0.229439,"Content","youversion_bible"
"Adyghe","ady",0.229439,"Encoding","gboard"
"Adyghe","ady",0.229439,"Encoding","opentype_ms"
"Adyghe","ady",0.229439,"Surface","gboard_dictionary"
"Adyghe","ady",0.229439,"Localized","ubuntu_bionic_beaver"
"Piemontese","pms",0.22538,"Content","opus"
"Piemontese","pms",0.22538,"Content","wikipedia"
"Piemontese","pms",0.22538,"Content","wp_incubator"
"Piemontese","pms",0.22538,"Encoding","gboard"
"Piemontese","pms",0.22538,"Encoding","keyman"
"Piemontese","pms",0.22538,"Encoding","opentype_ms"
"Piemontese","pms",0.22538,"Surface","gboard_dictionary"
"Piemontese","pms",0.22538,"Localized","ubuntu_bionic_beaver"
"Plautdietsch","pdt",0.220092,"Content","jw_materials"
"Plautdietsch","pdt",0.220092,"Content","opus"
"Plautdietsch","pdt",0.220092,"Content","sil_covid_docs"
"Plautdietsch","pdt",0.220092,"Content","udhr_translation"
"Plautdietsch","pdt",0.220092,"Content","w3techs"
"Plautdietsch","pdt",0.220092,"Content","wp_incubator"
"Plautdietsch","pdt",0.220092,"Content","youversion_bible"
"Plautdietsch","pdt",0.220092,"Encoding","cldr"
"Plautdietsch","pdt",0.220092,"Encoding","keyman"
"Plautdietsch","pdt",0.220092,"Localized","ubuntu_bionic_beaver"
"Plautdietsch","pdt",0.220092,"Localized","ubuntu_touch"
"Plautdietsch","pdt",0.220092,"Meaning","baidu"
"Alur","alz",0.193049,"Content","african_storybook"
"Alur","alz",0.193049,"Content","jw_materials"
"Alur","alz",0.193049,"Content","opus"
"Alur","alz",0.193049,"Content","youversion_bible"
"Alur","alz",0.193049,"Encoding","gboard"
"Alur","alz",0.193049,"Encoding","keyman"
"Alur","alz",0.193049,"Surface","gboard_dictionary"
"Konzo","koo",0.193049,"Content","african_storybook"
"Konzo","koo",0.193049,"Content","jw_materials"
"Konzo","koo",0.193049,"Content","opus"
"Konzo","koo",0.193049,"Content","udhr_translation"
"Konzo","koo",0.193049,"Encoding","gboard"
"Konzo","koo",0.193049,"Encoding","keyman"
"Konzo","koo",0.193049,"Surface","gboard_dictionary"
"Chimborazo Highland Quichua","qug",0.193049,"Content","jw_materials"
"Chimborazo Highland Quichua","qug",0.193049,"Content","opus"
"Chimborazo Highland Quichua","qug",0.193049,"Content","wp_incubator"
"Chimborazo Highland Quichua","qug",0.193049,"Content","youversion_bible"
"Chimborazo Highland Quichua","qug",0.193049,"Encoding","gboard"
"Chimborazo Highland Quichua","qug",0.193049,"Encoding","keyman"
"Chimborazo Highland Quichua","qug",0.193049,"Surface","gboard_dictionary"
"Yao","yao",0.193049,"Content","african_storybook"
"Yao","yao",0.193049,"Content","gdl"
"Yao","yao",0.193049,"Content","jw_materials"
"Yao","yao",0.193049,"Content","opus"
"Yao","yao",0.193049,"Content","udhr_translation"
"Yao","yao",0.193049,"Content","youversion_bible"
"Yao","yao",0.193049,"Encoding","gboard"
"Yao","yao",0.193049,"Encoding","opentype_ms"
"Yao","yao",0.193049,"Surface","gboard_dictionary"
"Lepcha","lep",0.187171,"Content","sil_covid_docs"
"Lepcha","lep",0.187171,"Content","udhr_translation"
"Lepcha","lep",0.187171,"Content","wp_incubator"
"Lepcha","lep",0.187171,"Encoding","gboard"
"Lepcha","lep",0.187171,"Encoding","keyman"
"Lepcha","lep",0.187171,"Encoding","sldr"
"Lepcha","lep",0.187171,"Surface","gboard_dictionary"
"Eastern Apurmac Quechua","qve",0.179372,"Content","bloom_library"
"Eastern Apurmac Quechua","qve",0.179372,"Content","sil_covid_docs"
"Eastern Apurmac Quechua","qve",0.179372,"Content","youversion_bible"
"Eastern Apurmac Quechua","qve",0.179372,"Encoding","keyman"
"Eastern Apurmac Quechua","qve",0.179372,"Surface","google_drive"
"Eastern Apurmac Quechua","qve",0.179372,"Surface","google_search"
"Eastern Apurmac Quechua","qve",0.179372,"Localized","internet_explorer"
"Eastern Apurmac Quechua","qve",0.179372,"Meaning","apertium_nursery"
"Kaqchikel","cak",0.172941,"Content","bloom_library"
"Kaqchikel","cak",0.172941,"Content","indigenous_tweets"
"Kaqchikel","cak",0.172941,"Content","jw_materials"
"Kaqchikel","cak",0.172941,"Content","lds_materials"
"Kaqchikel","cak",0.172941,"Content","opus"
"Kaqchikel","cak",0.172941,"Content","sil_covid_docs"
"Kaqchikel","cak",0.172941,"Content","udhr_translation"
"Kaqchikel","cak",0.172941,"Content","wdl"
"Kaqchikel","cak",0.172941,"Content","wp_incubator"
"Kaqchikel","cak",0.172941,"Content","youversion_bible"
"Kaqchikel","cak",0.172941,"Encoding","opentype_ms"
"Kaqchikel","cak",0.172941,"Surface","firefox_dictionary"
"Kaqchikel","cak",0.172941,"Localized","firefox_lp"
"Balti","bft",0.165119,"Content","sil_covid_docs"
"Balti","bft",0.165119,"Content","ss1"
"Balti","bft",0.165119,"Encoding","gboard"
"Balti","bft",0.165119,"Encoding","keyman"
"Balti","bft",0.165119,"Encoding","opentype_ms"
"Balti","bft",0.165119,"Encoding","sldr"
"Balti","bft",0.165119,"Surface","gboard_dictionary"
"Extremaduran","ext",0.15529,"Content","sil_covid_docs"
"Extremaduran","ext",0.15529,"Content","wikipedia"
"Extremaduran","ext",0.15529,"Content","wp_incubator"
"Extremaduran","ext",0.15529,"Encoding","gboard"
"Extremaduran","ext",0.15529,"Encoding","keyman"
"Extremaduran","ext",0.15529,"Surface","gboard_dictionary"
"Rejang","rej",0.15529,"Content","sil_covid_docs"
"Rejang","rej",0.15529,"Content","wp_incubator"
"Rejang","rej",0.15529,"Content","youversion_bible"
"Rejang","rej",0.15529,"Encoding","gboard"
"Rejang","rej",0.15529,"Encoding","opentype_ms"
"Rejang","rej",0.15529,"Surface","gboard_dictionary"
"Belize Kriol English","bzj",0.152377,"Content","jw_materials"
"Belize Kriol English","bzj",0.152377,"Content","opus"
"Belize Kriol English","bzj",0.152377,"Content","sil_covid_docs"
"Belize Kriol English","bzj",0.152377,"Content","wp_incubator"
"Belize Kriol English","bzj",0.152377,"Content","youversion_bible"
"Belize Kriol English","bzj",0.152377,"Encoding","keyman"
"Belize Kriol English","bzj",0.152377,"Encoding","opentype_ms"
"Guerrero Nahuatl","ngu",0.152377,"Content","jw_materials"
"Guerrero Nahuatl","ngu",0.152377,"Content","opus"
"Guerrero Nahuatl","ngu",0.152377,"Content","ss1"
"Guerrero Nahuatl","ngu",0.152377,"Content","wdl"
"Guerrero Nahuatl","ngu",0.152377,"Content","wp_incubator"
"Guerrero Nahuatl","ngu",0.152377,"Content","youversion_bible"
"Guerrero Nahuatl","ngu",0.152377,"Encoding","keyman"
"Guerrero Nahuatl","ngu",0.152377,"Encoding","opentype_ms"
"Min Nan Chinese","nan",0.151481,"Content","jw_materials"
"Min Nan Chinese","nan",0.151481,"Content","opus"
"Min Nan Chinese","nan",0.151481,"Content","sil_covid_docs"
"Min Nan Chinese","nan",0.151481,"Content","udhr_translation"
"Min Nan Chinese","nan",0.151481,"Encoding","keyman"
"Min Nan Chinese","nan",0.151481,"Localized","ubuntu_bionic_beaver"
"Min Nan Chinese","nan",0.151481,"Localized","vkontakte"
"Sabu","hvn",0.146284,"Content","bloom_library"
"Sabu","hvn",0.146284,"Content","jw_materials"
"Sabu","hvn",0.146284,"Content","sil_covid_docs"
"Sabu","hvn",0.146284,"Content","youversion_bible"
"Sabu","hvn",0.146284,"Encoding","gboard"
"Sabu","hvn",0.146284,"Surface","gboard_dictionary"
"Kok Borok","trp",0.146284,"Content","sil_covid_docs"
"Kok Borok","trp",0.146284,"Content","ss1"
"Kok Borok","trp",0.146284,"Content","wp_incubator"
"Kok Borok","trp",0.146284,"Content","youversion_bible"
"Kok Borok","trp",0.146284,"Encoding","gboard"
"Kok Borok","trp",0.146284,"Surface","gboard_dictionary"
"Minangkabau","min",0.14414,"Content","sil_covid_docs"
"Minangkabau","min",0.14414,"Content","udhr_translation"
"Minangkabau","min",0.14414,"Encoding","gboard"
"Minangkabau","min",0.14414,"Encoding","keyman"
"Minangkabau","min",0.14414,"Encoding","opentype_ms"
"Minangkabau","min",0.14414,"Surface","gboard_dictionary"
"Mundari","unr",0.14414,"Content","bloom_library"
"Mundari","unr",0.14414,"Content","udhr_translation"
"Mundari","unr",0.14414,"Encoding","gboard"
"Mundari","unr",0.14414,"Encoding","keyman"
"Mundari","unr",0.14414,"Encoding","opentype_ms"
"Mundari","unr",0.14414,"Surface","gboard_dictionary"
"Western Mari","mrj",0.137362,"Content","wikipedia"
"Western Mari","mrj",0.137362,"Content","wp_incubator"
"Western Mari","mrj",0.137362,"Encoding","gboard"
"Western Mari","mrj",0.137362,"Encoding","opentype_ms"
"Western Mari","mrj",0.137362,"Surface","gboard_dictionary"
"Western Mari","mrj",0.137362,"Meaning","apertium_incubator"
"Jola-Fonyi","dyo",0.1328,"Content","jw_materials"
"Jola-Fonyi","dyo",0.1328,"Content","udhr_translation"
"Jola-Fonyi","dyo",0.1328,"Encoding","cldr"
"Jola-Fonyi","dyo",0.1328,"Encoding","keyman"
"Jola-Fonyi","dyo",0.1328,"Encoding","sldr"
"Jola-Fonyi","dyo",0.1328,"Localized","android_nougat_supported_locales"
"Geez","gez",0.11705,"Content","wdl"
"Geez","gez",0.11705,"Encoding","gboard"
"Geez","gez",0.11705,"Encoding","keyman"
"Geez","gez",0.11705,"Encoding","opentype_ms"
"Geez","gez",0.11705,"Encoding","sldr"
"Geez","gez",0.11705,"Surface","gboard_dictionary"
"Bura-Pabir","bwr",0.115503,"Content","jw_materials"
"Bura-Pabir","bwr",0.115503,"Content","sil_covid_docs"
"Bura-Pabir","bwr",0.115503,"Content","youversion_bible"
"Bura-Pabir","bwr",0.115503,"Encoding","keyman"
"Bura-Pabir","bwr",0.115503,"Encoding","sldr"
"Kutep","kub",0.115503,"Content","african_storybook"
"Kutep","kub",0.115503,"Content","ss1"
"Kutep","kub",0.115503,"Content","youversion_bible"
"Kutep","kub",0.115503,"Encoding","keyman"
"Kutep","kub",0.115503,"Encoding","sldr"
"Congo Swahili","swc",0.115503,"Content","jw_materials"
"Congo Swahili","swc",0.115503,"Content","opus"
"Congo Swahili","swc",0.115503,"Content","youversion_bible"
"Congo Swahili","swc",0.115503,"Encoding","keyman"
"Congo Swahili","swc",0.115503,"Encoding","sldr"
"Chuj","cac",0.108997,"Content","jw_materials"
"Chuj","cac",0.108997,"Content","opus"
"Chuj","cac",0.108997,"Content","sil_covid_docs"
"Chuj","cac",0.108997,"Content","wp_incubator"
"Chuj","cac",0.108997,"Content","youversion_bible"
"Chuj","cac",0.108997,"Encoding","opentype_ms"
"Goan Konkani","gom",0.108997,"Content","gdl"
"Goan Konkani","gom",0.108997,"Content","jw_materials"
"Goan Konkani","gom",0.108997,"Content","opus"
"Goan Konkani","gom",0.108997,"Content","wikipedia"
"Goan Konkani","gom",0.108997,"Content","wp_incubator"
"Goan Konkani","gom",0.108997,"Content","youversion_bible"
"Goan Konkani","gom",0.108997,"Encoding","keyman"
"Kalanguya","kak",0.108997,"Content","bloom_library"
"Kalanguya","kak",0.108997,"Content","gdl"
"Kalanguya","kak",0.108997,"Content","sil_covid_docs"
"Kalanguya","kak",0.108997,"Content","ss1"
"Kalanguya","kak",0.108997,"Encoding","keyman"
"Poqomchi'","poh",0.108997,"Content","jw_materials"
"Poqomchi'","poh",0.108997,"Content","sil_covid_docs"
"Poqomchi'","poh",0.108997,"Content","ss1"
"Poqomchi'","poh",0.108997,"Content","youversion_bible"
"Poqomchi'","poh",0.108997,"Encoding","opentype_ms"
"Tzeltal","tzh",0.108997,"Content","jw_materials"
"Tzeltal","tzh",0.108997,"Content","opus"
"Tzeltal","tzh",0.108997,"Content","sil_covid_docs"
"Tzeltal","tzh",0.108997,"Content","udhr_translation"
"Tzeltal","tzh",0.108997,"Content","youversion_bible"
"Tzeltal","tzh",0.108997,"Encoding","opentype_ms"
"Saurashtra","saz",0.108645,"Content","indigenous_blogs"
"Saurashtra","saz",0.108645,"Content","indigenous_tweets"
"Saurashtra","saz",0.108645,"Content","wp_incubator"
"Saurashtra","saz",0.108645,"Encoding","gboard"
"Saurashtra","saz",0.108645,"Surface","gboard_dictionary"
"Kachhi","kfr",0.107249,"Content","jw_materials"
"Kachhi","kfr",0.107249,"Content","wp_incubator"
"Kachhi","kfr",0.107249,"Encoding","gboard"
"Kachhi","kfr",0.107249,"Encoding","opentype_ms"
"Kachhi","kfr",0.107249,"Surface","gboard_dictionary"
"Pfaelzisch","pfl",0.107249,"Content","wikipedia"
"Pfaelzisch","pfl",0.107249,"Content","wp_incubator"
"Pfaelzisch","pfl",0.107249,"Encoding","gboard"
"Pfaelzisch","pfl",0.107249,"Encoding","keyman"
"Pfaelzisch","pfl",0.107249,"Surface","gboard_dictionary"
"Fang (Equatorial Guinea)","fan",0.103855,"Content","jw_materials"
"Fang (Equatorial Guinea)","fan",0.103855,"Content","opus"
"Fang (Equatorial Guinea)","fan",0.103855,"Encoding","keyman"
"Fang (Equatorial Guinea)","fan",0.103855,"Encoding","opentype_ms"
"Fang (Equatorial Guinea)","fan",0.103855,"Encoding","sldr"
"Classical Nahuatl","nci",0.099856,"Content","wdl"
"Classical Nahuatl","nci",0.099856,"Content","wp_incubator"
"Classical Nahuatl","nci",0.099856,"Encoding","keyman"
"Classical Nahuatl","nci",0.099856,"Encoding","opentype_ms"
"Classical Nahuatl","nci",0.099856,"Speech","espeakng"
"Bakoko","bkh",0.086966,"Content","bloom_library"
"Bakoko","bkh",0.086966,"Content","jw_materials"
"Bakoko","bkh",0.086966,"Content","sil_covid_docs"
"Bakoko","bkh",0.086966,"Encoding","keyman"
"Batad Ifugao","ifb",0.086966,"Content","sil_covid_docs"
"Batad Ifugao","ifb",0.086966,"Content","ss1"
"Batad Ifugao","ifb",0.086966,"Content","youversion_bible"
"Batad Ifugao","ifb",0.086966,"Encoding","keyman"
"Kusaal","kus",0.086966,"Content","sil_covid_docs"
"Kusaal","kus",0.086966,"Content","ss1"
"Kusaal","kus",0.086966,"Content","youversion_bible"
"Kusaal","kus",0.086966,"Encoding","sldr"
"Northwestern Ojibwa","ojb",0.086966,"Content","jw_materials"
"Northwestern Ojibwa","ojb",0.086966,"Content","udhr_translation"
"Northwestern Ojibwa","ojb",0.086966,"Content","youversion_bible"
"Northwestern Ojibwa","ojb",0.086966,"Encoding","keyman"
"Shilluk","shk",0.086966,"Content","sil_covid_docs"
"Shilluk","shk",0.086966,"Content","udhr_translation"
"Shilluk","shk",0.086966,"Content","youversion_bible"
"Shilluk","shk",0.086966,"Encoding","sldr"
"Zou","zom",0.086966,"Content","sil_covid_docs"
"Zou","zom",0.086966,"Content","ss1"
"Zou","zom",0.086966,"Content","youversion_bible"
"Zou","zom",0.086966,"Encoding","opentype_ms"
"Garo","grt",0.086814,"Content","ss1"
"Garo","grt",0.086814,"Encoding","gboard"
"Garo","grt",0.086814,"Encoding","keyman"
"Garo","grt",0.086814,"Encoding","opentype_ms"
"Garo","grt",0.086814,"Surface","gboard_dictionary"
"Kom (Cameroon)","bkm",0.086666,"Content","bloom_library"
"Kom (Cameroon)","bkm",0.086666,"Content","sil_covid_docs"
"Kom (Cameroon)","bkm",0.086666,"Encoding","keyman"
"Kom (Cameroon)","bkm",0.086666,"Encoding","sldr"
"Sea Island Creole English","gul",0.086666,"Content","sil_covid_docs"
"Sea Island Creole English","gul",0.086666,"Content","youversion_bible"
"Sea Island Creole English","gul",0.086666,"Encoding","keyman"
"Sea Island Creole English","gul",0.086666,"Encoding","opentype_ms"
"Kuria","kuj",0.086666,"Content","sil_covid_docs"
"Kuria","kuj",0.086666,"Content","youversion_bible"
"Kuria","kuj",0.086666,"Encoding","keyman"
"Kuria","kuj",0.086666,"Encoding","sldr"
"Ngiti","niy",0.086666,"Content","ss1"
"Ngiti","niy",0.086666,"Content","youversion_bible"
"Ngiti","niy",0.086666,"Encoding","keyman"
"Ngiti","niy",0.086666,"Encoding","sldr"
"Tunen","tvu",0.086666,"Content","jw_materials"
"Tunen","tvu",0.086666,"Content","youversion_bible"
"Tunen","tvu",0.086666,"Encoding","keyman"
"Tunen","tvu",0.086666,"Encoding","sldr"
"Banggai","bgz",0.082407,"Content","wp_incubator"
"Banggai","bgz",0.082407,"Content","youversion_bible"
"Banggai","bgz",0.082407,"Encoding","gboard"
"Banggai","bgz",0.082407,"Surface","gboard_dictionary"
"Langi","lag",0.08061,"Content","indigenous_tweets"
"Langi","lag",0.08061,"Encoding","cldr"
"Langi","lag",0.08061,"Encoding","keyman"
"Langi","lag",0.08061,"Encoding","sldr"
"Langi","lag",0.08061,"Localized","android_nougat_supported_locales"
"Betawi","bew",0.071671,"Content","wp_incubator"
"Betawi","bew",0.071671,"Encoding","gboard"
"Betawi","bew",0.071671,"Encoding","opentype_ms"
"Betawi","bew",0.071671,"Surface","gboard_dictionary"
"Dungan","dng",0.071671,"Content","wp_incubator"
"Dungan","dng",0.071671,"Encoding","gboard"
"Dungan","dng",0.071671,"Encoding","opentype_ms"
"Dungan","dng",0.071671,"Surface","gboard_dictionary"
"Masana","mcn",0.071671,"Content","youversion_bible"
"Masana","mcn",0.071671,"Encoding","gboard"
"Masana","mcn",0.071671,"Encoding","keyman"
"Masana","mcn",0.071671,"Surface","gboard_dictionary"
"Rakhine","rki",0.071671,"Content","sil_covid_docs"
"Rakhine","rki",0.071671,"Encoding","gboard"
"Rakhine","rki",0.071671,"Encoding","opentype_ms"
"Rakhine","rki",0.071671,"Surface","gboard_dictionary"
"Koorete","kqy",0.067837,"Content","ss1"
"Koorete","kqy",0.067837,"Encoding","keyman"
"Koorete","kqy",0.067837,"Encoding","opentype_ms"
"Koorete","kqy",0.067837,"Encoding","sldr"
"Guerrero Amuzgo","amu",0.066467,"Content","jw_materials"
"Guerrero Amuzgo","amu",0.066467,"Content","opus"
"Guerrero Amuzgo","amu",0.066467,"Content","sil_covid_docs"
"Guerrero Amuzgo","amu",0.066467,"Content","ss1"
"Guerrero Amuzgo","amu",0.066467,"Content","youversion_bible"
"Digo","dig",0.066467,"Content","bloom_library"
"Digo","dig",0.066467,"Content","sil_covid_docs"
"Digo","dig",0.066467,"Content","w3techs"
"Digo","dig",0.066467,"Content","youversion_bible"
"Kaonde","kqn",0.066467,"Content","jw_materials"
"Kaonde","kqn",0.066467,"Content","opus"
"Kaonde","kqn",0.066467,"Content","sil_covid_docs"
"Kaonde","kqn",0.066467,"Content","udhr_translation"
"Tase Naga","nst",0.066467,"Content","bloom_library"
"Tase Naga","nst",0.066467,"Content","sil_covid_docs"
"Tase Naga","nst",0.066467,"Content","ss1"
"Tase Naga","nst",0.066467,"Content","youversion_bible"
"Rapanui","rap",0.066467,"Content","indigenous_tweets"
"Rapanui","rap",0.066467,"Content","jw_materials"
"Rapanui","rap",0.066467,"Content","wp_incubator"
"Rapanui","rap",0.066467,"Content","youversion_bible"
"Wallisian","wls",0.066467,"Content","jw_materials"
"Wallisian","wls",0.066467,"Content","opus"
"Wallisian","wls",0.066467,"Content","wp_incubator"
"Wallisian","wls",0.066467,"Content","youversion_bible"
"Anuak","anu",0.057551,"Content","african_storybook"
"Anuak","anu",0.057551,"Content","sil_covid_docs"
"Anuak","anu",0.057551,"Encoding","keyman"
"Mmen","bfm",0.057551,"Content","bloom_library"
"Mmen","bfm",0.057551,"Content","sil_covid_docs"
"Mmen","bfm",0.057551,"Encoding","keyman"
"Wumboko","bqm",0.057551,"Content","bloom_library"
"Wumboko","bqm",0.057551,"Content","sil_covid_docs"
"Wumboko","bqm",0.057551,"Encoding","keyman"
"Northern Catanduanes Bikol","cts",0.057551,"Content","sil_covid_docs"
"Northern Catanduanes Bikol","cts",0.057551,"Content","wp_incubator"
"Northern Catanduanes Bikol","cts",0.057551,"Encoding","opentype_ms"
"Northern Ember","emp",0.057551,"Content","jw_materials"
"Northern Ember","emp",0.057551,"Content","youversion_bible"
"Northern Ember","emp",0.057551,"Encoding","keyman"
"Gothic","got",0.057551,"Content","wikipedia"
"Gothic","got",0.057551,"Content","wp_incubator"
"Gothic","got",0.057551,"Encoding","keyman"
"Inuinnaqtun","ikt",0.057551,"Content","sil_covid_docs"
"Inuinnaqtun","ikt",0.057551,"Content","youversion_bible"
"Inuinnaqtun","ikt",0.057551,"Encoding","keyman"
"Kwakum","kwu",0.057551,"Content","bloom_library"
"Kwakum","kwu",0.057551,"Content","sil_covid_docs"
"Kwakum","kwu",0.057551,"Encoding","keyman"
"Mafa","maf",0.057551,"Content","sil_covid_docs"
"Mafa","maf",0.057551,"Content","youversion_bible"
"Mafa","maf",0.057551,"Encoding","keyman"
"Masalit","mls",0.057551,"Content","sil_covid_docs"
"Masalit","mls",0.057551,"Content","ss1"
"Masalit","mls",0.057551,"Encoding","keyman"
"Maria (India)","mrr",0.057551,"Content","ss1"
"Maria (India)","mrr",0.057551,"Content","youversion_bible"
"Maria (India)","mrr",0.057551,"Encoding","keyman"
"Ndo","ndp",0.057551,"Content","bloom_library"
"Ndo","ndp",0.057551,"Content","youversion_bible"
"Ndo","ndp",0.057551,"Encoding","keyman"
"Tohono O'odham","ood",0.057551,"Content","sil_covid_docs"
"Tohono O'odham","ood",0.057551,"Content","youversion_bible"
"Tohono O'odham","ood",0.057551,"Encoding","keyman"
"Santiago del Estero Quichua","qus",0.057551,"Content","jw_materials"
"Santiago del Estero Quichua","qus",0.057551,"Content","opus"
"Santiago del Estero Quichua","qus",0.057551,"Encoding","keyman"
"Riang (India)","ria",0.057551,"Content","bloom_library"
"Riang (India)","ria",0.057551,"Content","youversion_bible"
"Riang (India)","ria",0.057551,"Encoding","opentype_ms"
"Suba-Simbiti","ssc",0.057551,"Content","african_storybook"
"Suba-Simbiti","ssc",0.057551,"Content","ss1"
"Suba-Simbiti","ssc",0.057551,"Encoding","keyman"
"Tera","ttr",0.057551,"Content","sil_covid_docs"
"Tera","ttr",0.057551,"Content","youversion_bible"
"Tera","ttr",0.057551,"Encoding","sldr"
"Yatzachi Zapotec","zav",0.057551,"Content","jw_materials"
"Yatzachi Zapotec","zav",0.057551,"Content","youversion_bible"
"Yatzachi Zapotec","zav",0.057551,"Encoding","keyman"
"Hamer-Banna","amf",0.051459,"Content","ss1"
"Hamer-Banna","amf",0.051459,"Encoding","keyman"
"Hamer-Banna","amf",0.051459,"Encoding","opentype_ms"
"Boko (Benin)","bqc",0.051459,"Content","youversion_bible"
"Boko (Benin)","bqc",0.051459,"Encoding","keyman"
"Boko (Benin)","bqc",0.051459,"Encoding","sldr"
"Dogrib","dgr",0.051459,"Content","youversion_bible"
"Dogrib","dgr",0.051459,"Encoding","keyman"
"Dogrib","dgr",0.051459,"Encoding","opentype_ms"
"Central-Eastern Niger Fulfulde","fuq",0.051459,"Content","youversion_bible"
"Central-Eastern Niger Fulfulde","fuq",0.051459,"Encoding","keyman"
"Central-Eastern Niger Fulfulde","fuq",0.051459,"Encoding","sldr"
"Southeast Ijo","ijs",0.051459,"Content","udhr_translation"
"Southeast Ijo","ijs",0.051459,"Encoding","keyman"
"Southeast Ijo","ijs",0.051459,"Encoding","opentype_ms"
"Nomaande","lem",0.051459,"Content","youversion_bible"
"Nomaande","lem",0.051459,"Encoding","keyman"
"Nomaande","lem",0.051459,"Encoding","sldr"
"Male (Ethiopia)","mdy",0.051459,"Content","youversion_bible"
"Male (Ethiopia)","mdy",0.051459,"Encoding","keyman"
"Male (Ethiopia)","mdy",0.051459,"Encoding","opentype_ms"
"Rotokas","roo",0.051459,"Content","youversion_bible"
"Rotokas","roo",0.051459,"Encoding","keyman"
"Rotokas","roo",0.051459,"Encoding","sldr"
"Abron","abr",0.049142,"Content","sil_covid_docs"
"Abron","abr",0.049142,"Encoding","gboard"
"Abron","abr",0.049142,"Surface","gboard_dictionary"
"Hani","hni",0.049142,"Content","udhr_translation"
"Hani","hni",0.049142,"Encoding","gboard"
"Hani","hni",0.049142,"Surface","gboard_dictionary"
"Qashqa'i","qxq",0.049142,"Content","wp_incubator"
"Qashqa'i","qxq",0.049142,"Encoding","gboard"
"Qashqa'i","qxq",0.049142,"Surface","gboard_dictionary"
"Argentine Sign Language","aed",0.041066,"Content","jw_materials"
"Argentine Sign Language","aed",0.041066,"Content","opus"
"Argentine Sign Language","aed",0.041066,"Content","sil_covid_docs"
"Chachi","cbi",0.041066,"Content","jw_materials"
"Chachi","cbi",0.041066,"Content","udhr_translation"
"Chachi","cbi",0.041066,"Content","youversion_bible"
"Chuka","cuh",0.041066,"Content","bloom_library"
"Chuka","cuh",0.041066,"Content","sil_covid_docs"
"Chuka","cuh",0.041066,"Content","ss1"
"Ngbere","gym",0.041066,"Content","jw_materials"
"Ngbere","gym",0.041066,"Content","opus"
"Ngbere","gym",0.041066,"Content","youversion_bible"
"Da'a Kaili","kzf",0.041066,"Content","bloom_library"
"Da'a Kaili","kzf",0.041066,"Content","sil_covid_docs"
"Da'a Kaili","kzf",0.041066,"Content","youversion_bible"
"Nyemba","nba",0.041066,"Content","jw_materials"
"Nyemba","nba",0.041066,"Content","opus"
"Nyemba","nba",0.041066,"Content","udhr_translation"
"Roviana","rug",0.041066,"Content","bloom_library"
"Roviana","rug",0.041066,"Content","jw_materials"
"Roviana","rug",0.041066,"Content","youversion_bible"
"Warao","wba",0.041066,"Content","jw_materials"
"Warao","wba",0.041066,"Content","opus"
"Warao","wba",0.041066,"Content","wp_incubator"
"Kuy","kdt",0.040971,"Encoding","gboard"
"Kuy","kdt",0.040971,"Encoding","keyman"
"Kuy","kdt",0.040971,"Encoding","opentype_ms"
"Kuy","kdt",0.040971,"Surface","gboard_dictionary"
"Asu (Tanzania)","asa",0.036283,"Encoding","cldr"
"Asu (Tanzania)","asa",0.036283,"Encoding","keyman"
"Asu (Tanzania)","asa",0.036283,"Encoding","sldr"
"Asu (Tanzania)","asa",0.036283,"Localized","android_nougat_supported_locales"
"Gikyode","acd",0.035868,"Content","youversion_bible"
"Gikyode","acd",0.035868,"Encoding","sldr"
"Igo","ahl",0.035868,"Content","ss1"
"Igo","ahl",0.035868,"Encoding","sldr"
"Arop-Lokep","apr",0.035868,"Content","youversion_bible"
"Arop-Lokep","apr",0.035868,"Encoding","sldr"
"Au","avt",0.035868,"Content","youversion_bible"
"Au","avt",0.035868,"Encoding","sldr"
"Bayot","bda",0.035868,"Content","sil_covid_docs"
"Bayot","bda",0.035868,"Encoding","keyman"
"Biangai","big",0.035868,"Content","youversion_bible"
"Biangai","big",0.035868,"Encoding","sldr"
"Kein","bmh",0.035868,"Content","youversion_bible"
"Kein","bmh",0.035868,"Encoding","sldr"
"Bugawac","buk",0.035868,"Content","youversion_bible"
"Bugawac","buk",0.035868,"Encoding","sldr"
"Cayuga","cay",0.035868,"Content","indigenous_blogs"
"Cayuga","cay",0.035868,"Encoding","keyman"
"Cibak","ckl",0.035868,"Content","sil_covid_docs"
"Cibak","ckl",0.035868,"Encoding","sldr"
"Ngawn Chin","cnw",0.035868,"Content","youversion_bible"
"Ngawn Chin","cnw",0.035868,"Encoding","opentype_ms"
"Woods Cree","cwd",0.035868,"Content","sil_covid_docs"
"Woods Cree","cwd",0.035868,"Encoding","opentype_ms"
"Northeastern Dinka","dip",0.035868,"Content","youversion_bible"
"Northeastern Dinka","dip",0.035868,"Encoding","keyman"
"Eastern Bontok","ebk",0.035868,"Content","youversion_bible"
"Eastern Bontok","ebk",0.035868,"Encoding","keyman"
"Fipa","fip",0.035868,"Content","youversion_bible"
"Fipa","fip",0.035868,"Encoding","keyman"
"Wipi","gdr",0.035868,"Content","youversion_bible"
"Wipi","gdr",0.035868,"Encoding","sldr"
"Ngangam","gng",0.035868,"Content","youversion_bible"
"Ngangam","gng",0.035868,"Encoding","sldr"
"Havu","hav",0.035868,"Content","jw_materials"
"Havu","hav",0.035868,"Encoding","keyman"
"Interlingue","ile",0.035868,"Content","wp_incubator"
"Interlingue","ile",0.035868,"Encoding","opentype_ms"
"Krymchak","jct",0.035868,"Content","wp_incubator"
"Krymchak","jct",0.035868,"Encoding","opentype_ms"
"Kare (Central African Republic)","kbn",0.035868,"Content","youversion_bible"
"Kare (Central African Republic)","kbn",0.035868,"Encoding","keyman"
"Kube","kgf",0.035868,"Content","youversion_bible"
"Kube","kgf",0.035868,"Encoding","sldr"
"Tagakaulo","klg",0.035868,"Content","ss1"
"Tagakaulo","klg",0.035868,"Encoding","keyman"
"Lubuagan Kalinga","knb",0.035868,"Content","youversion_bible"
"Lubuagan Kalinga","knb",0.035868,"Encoding","keyman"
"Karon","krx",0.035868,"Content","youversion_bible"
"Karon","krx",0.035868,"Encoding","keyman"
"Psikye","kvj",0.035868,"Content","youversion_bible"
"Psikye","kvj",0.035868,"Encoding","keyman"
"Kwaya","kya",0.035868,"Content","ss1"
"Kwaya","kya",0.035868,"Encoding","keyman"
"Pv","lme",0.035868,"Content","sil_covid_docs"
"Pv","lme",0.035868,"Encoding","keyman"
"Mawa (Chad)","mcw",0.035868,"Content","sil_covid_docs"
"Mawa (Chad)","mcw",0.035868,"Encoding","keyman"
"Matengo","mgv",0.035868,"Content","jw_materials"
"Matengo","mgv",0.035868,"Encoding","keyman"
"Madak","mmx",0.035868,"Content","youversion_bible"
"Madak","mmx",0.035868,"Encoding","sldr"
"Dadibi","mps",0.035868,"Content","youversion_bible"
"Dadibi","mps",0.035868,"Encoding","sldr"
"Peripheral Mongolian","mvf",0.035868,"Content","wp_incubator"
"Peripheral Mongolian","mvf",0.035868,"Encoding","keyman"
"Naasioi","nas",0.035868,"Content","youversion_bible"
"Naasioi","nas",0.035868,"Encoding","sldr"
"Nek","nif",0.035868,"Content","youversion_bible"
"Nek","nif",0.035868,"Encoding","sldr"
"Ngindo","nnq",0.035868,"Content","youversion_bible"
"Ngindo","nnq",0.035868,"Encoding","keyman"
"Okanagan","oka",0.035868,"Content","indigenous_tweets"
"Okanagan","oka",0.035868,"Encoding","keyman"
"Ottoman Turkish (1500-1928)","ota",0.035868,"Content","wdl"
"Ottoman Turkish (1500-1928)","ota",0.035868,"Encoding","sldr"
"Pimbwe","piw",0.035868,"Content","ss1"
"Pimbwe","piw",0.035868,"Encoding","keyman"
"Phuie","pug",0.035868,"Content","ss1"
"Phuie","pug",0.035868,"Encoding","keyman"
"Kalo Finnish Romani","rmf",0.035868,"Content","wp_incubator"
"Kalo Finnish Romani","rmf",0.035868,"Encoding","keyman"
"Mag-antsi Ayta","sgb",0.035868,"Content","youversion_bible"
"Mag-antsi Ayta","sgb",0.035868,"Encoding","keyman"
"Sissala","sld",0.035868,"Content","sil_covid_docs"
"Sissala","sld",0.035868,"Encoding","sldr"
"Swo","sox",0.035868,"Content","bloom_library"
"Swo","sox",0.035868,"Encoding","keyman"
"Sulka","sua",0.035868,"Content","youversion_bible"
"Sulka","sua",0.035868,"Encoding","sldr"
"Tembo (Kitembo)","tbt",0.035868,"Content","ss1"
"Tembo (Kitembo)","tbt",0.035868,"Encoding","keyman"
"Telefol","tlf",0.035868,"Content","youversion_bible"
"Telefol","tlf",0.035868,"Encoding","sldr"
"Ubi","ubi",0.035868,"Content","sil_covid_docs"
"Ubi","ubi",0.035868,"Encoding","keyman"
"Vagla","vag",0.035868,"Content","youversion_bible"
"Vagla","vag",0.035868,"Encoding","sldr"
"North Wahgi","whg",0.035868,"Content","jw_materials"
"North Wahgi","whg",0.035868,"Encoding","sldr"
"Wuvulu-Aua","wuv",0.035868,"Content","youversion_bible"
"Wuvulu-Aua","wuv",0.035868,"Encoding","sldr"
"Kuo","xuo",0.035868,"Content","youversion_bible"
"Kuo","xuo",0.035868,"Encoding","keyman"
"Yessan-Mayo","yss",0.035868,"Content","youversion_bible"
"Yessan-Mayo","yss",0.035868,"Encoding","sldr"
"Rincn Zapotec","zar",0.035868,"Content","youversion_bible"
"Rincn Zapotec","zar",0.035868,"Encoding","keyman"
"Southeastern Ixtln Zapotec","zpd",0.035868,"Content","jw_materials"
"Southeastern Ixtln Zapotec","zpd",0.035868,"Encoding","keyman"
"Loxicha Zapotec","ztp",0.035868,"Content","jw_materials"
"Loxicha Zapotec","ztp",0.035868,"Encoding","keyman"
"Eastern Cham","cjm",0.025249,"Encoding","gboard"
"Eastern Cham","cjm",0.025249,"Encoding","opentype_ms"
"Eastern Cham","cjm",0.025249,"Surface","gboard_dictionary"
"Khorasani Turkish","kmz",0.025249,"Encoding","gboard"
"Khorasani Turkish","kmz",0.025249,"Encoding","opentype_ms"
"Khorasani Turkish","kmz",0.025249,"Surface","gboard_dictionary"
"Achagua","aca",0.023813,"Content","wdl"
"Achagua","aca",0.023813,"Content","youversion_bible"
"Arabela","arl",0.023813,"Content","udhr_translation"
"Arabela","arl",0.023813,"Content","youversion_bible"
"West Coast Bajau","bdr",0.023813,"Content","sil_covid_docs"
"West Coast Bajau","bdr",0.023813,"Content","ss1"
"Belanda Viri","bvi",0.023813,"Content","sil_covid_docs"
"Belanda Viri","bvi",0.023813,"Content","udhr_translation"
"Cia-Cia","cia",0.023813,"Content","bloom_library"
"Cia-Cia","cia",0.023813,"Content","sil_covid_docs"
"Czech Sign Language","cse",0.023813,"Content","jw_materials"
"Czech Sign Language","cse",0.023813,"Content","opus"
"Didinga","did",0.023813,"Content","sil_covid_docs"
"Didinga","did",0.023813,"Content","youversion_bible"
"Enxet","enx",0.023813,"Content","wp_incubator"
"Enxet","enx",0.023813,"Content","youversion_bible"
"Guarayu","gyr",0.023813,"Content","udhr_translation"
"Guarayu","gyr",0.023813,"Content","youversion_bible"
"Italian Sign Language","ise",0.023813,"Content","jw_materials"
"Italian Sign Language","ise",0.023813,"Content","opus"
"Konda-Dora","kfc",0.023813,"Content","ss1"
"Konda-Dora","kfc",0.023813,"Content","youversion_bible"
"Tehit","kps",0.023813,"Content","bloom_library"
"Tehit","kps",0.023813,"Content","sil_covid_docs"
"Karok","kyh",0.023813,"Content","indigenous_tweets"
"Karok","kyh",0.023813,"Content","wp_incubator"
"Saluan","loe",0.023813,"Content","jw_materials"
"Saluan","loe",0.023813,"Content","youversion_bible"
"Machiguenga","mcb",0.023813,"Content","sil_covid_docs"
"Machiguenga","mcb",0.023813,"Content","youversion_bible"
"Ilwana","mlk",0.023813,"Content","bloom_library"
"Ilwana","mlk",0.023813,"Content","sil_covid_docs"
"Tlahuitoltepec Mixe","mxp",0.023813,"Content","sil_covid_docs"
"Tlahuitoltepec Mixe","mxp",0.023813,"Content","youversion_bible"
"Tangkhul Naga (India)","nmf",0.023813,"Content","jw_materials"
"Tangkhul Naga (India)","nmf",0.023813,"Content","youversion_bible"
"Natgu","ntu",0.023813,"Content","sil_covid_docs"
"Natgu","ntu",0.023813,"Content","youversion_bible"
"Old Russian","orv",0.023813,"Content","wdl"
"Old Russian","orv",0.023813,"Content","wp_incubator"
"Sayula Popoluca","pos",0.023813,"Content","sil_covid_docs"
"Sayula Popoluca","pos",0.023813,"Content","youversion_bible"
"Rajbanshi","rjs",0.023813,"Content","udhr_translation"
"Rajbanshi","rjs",0.023813,"Content","wp_incubator"
"Soli","sby",0.023813,"Content","jw_materials"
"Soli","sby",0.023813,"Content","youversion_bible"
"Sirion","srq",0.023813,"Content","udhr_translation"
"Sirion","srq",0.023813,"Content","youversion_bible"
"Tajio","tdj",0.023813,"Content","bloom_library"
"Tajio","tdj",0.023813,"Content","sil_covid_docs"
"Highland Totonac","tos",0.023813,"Content","ss1"
"Highland Totonac","tos",0.023813,"Content","youversion_bible"
"Tucano","tuo",0.023813,"Content","sil_covid_docs"
"Tucano","tuo",0.023813,"Content","youversion_bible"
"Venezuelan Sign Language","vsl",0.023813,"Content","jw_materials"
"Venezuelan Sign Language","vsl",0.023813,"Content","opus"
"Yagua","yad",0.023813,"Content","udhr_translation"
"Yagua","yad",0.023813,"Content","youversion_bible"
"Agatu","agc",0.019614,"Encoding","keyman"
"Agatu","agc",0.019614,"Encoding","sldr"
"Balanta-Kentohe","ble",0.019614,"Encoding","keyman"
"Balanta-Kentohe","ble",0.019614,"Encoding","opentype_ms"
"Chilcotin","clc",0.019614,"Encoding","keyman"
"Chilcotin","clc",0.019614,"Encoding","opentype_ms"
"Gyele","gyi",0.019614,"Encoding","keyman"
"Gyele","gyi",0.019614,"Encoding","sldr"
"Bumthangkha","kjz",0.019614,"Encoding","keyman"
"Bumthangkha","kjz",0.019614,"Encoding","opentype_ms"
"Isthmus-Pajapan Nahuatl","nhp",0.019614,"Encoding","keyman"
"Isthmus-Pajapan Nahuatl","nhp",0.019614,"Encoding","opentype_ms"
"Parkwa","pbi",0.019614,"Encoding","keyman"
"Parkwa","pbi",0.019614,"Encoding","sldr"
"Vincentian Creole English","svc",0.019614,"Encoding","keyman"
"Vincentian Creole English","svc",0.019614,"Encoding","opentype_ms"
"Tedaga","tuq",0.019614,"Encoding","keyman"
"Tedaga","tuq",0.019614,"Encoding","sldr"
"Godwari","gdx",0.018261,"Encoding","gboard"
"Godwari","gdx",0.018261,"Surface","gboard_dictionary"
"Rangpuri","rkt",0.018261,"Encoding","gboard"
"Rangpuri","rkt",0.018261,"Surface","gboard_dictionary"
"Middle French (ca. 1400-1600)","frm",0.018231,"Content","wdl"
"Middle French (ca. 1400-1600)","frm",0.018231,"Meaning","baidu"
"Abidji","abi",0.006353,"Encoding","sldr"
"Saidi Arabic","aec",0.006353,"Encoding","keyman"
"Akum","aku",0.006353,"Encoding","keyman"
"Arop-Sissano","aps",0.006353,"Encoding","sldr"
"Sanaani Arabic","ayn",0.006353,"Encoding","keyman"
"Bubia","bbx",0.006353,"Encoding","keyman"
"Besme","bes",0.006353,"Encoding","keyman"
"Bohtan Neo-Aramaic","bhn",0.006353,"Encoding","keyman"
"Beeke","bkf",0.006353,"Encoding","keyman"
"Eastern Tawbuid","bnj",0.006353,"Encoding","keyman"
"Banda-Mbrs","bqk",0.006353,"Encoding","opentype_ms"
"Bassossi","bsi",0.006353,"Encoding","keyman"
"Boor","bvf",0.006353,"Encoding","keyman"
"Buhutu","bxh",0.006353,"Encoding","sldr"
"Evant","bzz",0.006353,"Encoding","keyman"
"Caka","ckx",0.006353,"Encoding","keyman"
"Coquille","coq",0.006353,"Encoding","opentype_ms"
"Chungmboko","cug",0.006353,"Encoding","keyman"
"Bondum Dom Dogon","dbu",0.006353,"Encoding","keyman"
"Dimbong","dii",0.006353,"Encoding","keyman"
"Dongo","doo",0.006353,"Encoding","keyman"
"Toro Tegu Dogon","dtt",0.006353,"Encoding","keyman"
"Emai-Iuleha-Ora","ema",0.006353,"Encoding","sldr"
"North Fali","fll",0.006353,"Encoding","keyman"
"Bagirmi Fulfulde","fui",0.006353,"Encoding","keyman"
"Pottangi Ollar Gadaba","gdb",0.006353,"Encoding","keyman"
"Hiberno-Scottish Gaelic","ghc",0.006353,"Encoding","keyman"
"Glaro-Twabo","glr",0.006353,"Encoding","keyman"
"Southern Grebo","grj",0.006353,"Encoding","keyman"
"Haisla","has",0.006353,"Encoding","keyman"
"Hamtai","hmt",0.006353,"Encoding","sldr"
"Iha Based Pidgin","ihb",0.006353,"Encoding","opentype_ms"
"Mesaka","iyo",0.006353,"Encoding","keyman"
"Jaya","jyy",0.006353,"Encoding","keyman"
"Konongo","kcz",0.006353,"Encoding","keyman"
"Northeast Kiwai","kiw",0.006353,"Encoding","sldr"
"Koluwawa","klx",0.006353,"Encoding","sldr"
"Kovai","kqb",0.006353,"Encoding","sldr"
"Kato","ktw",0.006353,"Encoding","opentype_ms"
"Yinbaw Karen","kvu",0.006353,"Encoding","opentype_ms"
"Kango (Tshopo District)","kzy",0.006353,"Encoding","keyman"
"Lembena","leq",0.006353,"Encoding","sldr"
"Laimbue","lmx",0.006353,"Encoding","keyman"
"Maisin","mbq",0.006353,"Encoding","sldr"
"Mangbutu","mdk",0.006353,"Encoding","keyman"
"Maleu-Kilenge","mgl",0.006353,"Encoding","sldr"
"Byep","mkk",0.006353,"Encoding","keyman"
"Mbara (Chad)","mpk",0.006353,"Encoding","keyman"
"Mugom","muk",0.006353,"Encoding","keyman"
"Bambassi","myf",0.006353,"Encoding","keyman"
"Kenswei Nsei","ndb",0.006353,"Encoding","keyman"
"Mfumte","nfu",0.006353,"Encoding","keyman"
"Nzanyi","nja",0.006353,"Encoding","keyman"
"Nimbari","nmr",0.006353,"Encoding","keyman"
"Nara","nrb",0.006353,"Encoding","sldr"
"Nyindu","nyg",0.006353,"Encoding","keyman"
"Ombo","oml",0.006353,"Encoding","keyman"
"Badyara","pbp",0.006353,"Encoding","keyman"
"Miani","pla",0.006353,"Encoding","sldr"
"Malecite-Passamaquoddy","pqm",0.006353,"Encoding","keyman"
"Yanahuanca Pasco Quechua","qur",0.006353,"Encoding","keyman"
"Chincha Quechua","qxc",0.006353,"Encoding","keyman"
"Ritharrngu","rit",0.006353,"Encoding","opentype_ms"
"Saba","saa",0.006353,"Encoding","keyman"
"Sened","sds",0.006353,"Encoding","opentype_ms"
"Assangori","sjg",0.006353,"Encoding","keyman"
"Sam","snx",0.006353,"Encoding","sldr"
"Stellingwerfs","stl",0.006353,"Encoding","keyman"
"Sarua","swy",0.006353,"Encoding","keyman"
"Turks And Caicos Creole English","tch",0.006353,"Encoding","opentype_ms"
"Tanggu","tgu",0.006353,"Encoding","sldr"
"Jewish Babylonian Aramaic (ca. 200-1200 CE)","tmr",0.006353,"Encoding","keyman"
"Tsakonian","tsd",0.006353,"Encoding","keyman"
"Twents","twd",0.006353,"Encoding","keyman"
"Vanuma","vau",0.006353,"Encoding","keyman"
"Westphalien","wep",0.006353,"Encoding","keyman"
"Hanga Hundi","wos",0.006353,"Encoding","sldr"
"Mbonga","xmb",0.006353,"Encoding","keyman"
"Yukuben","ybl",0.006353,"Encoding","keyman"
"Wuding-Luquan Yi","ywq",0.006353,"Encoding","keyman"
"Zhoa","zhw",0.006353,"Encoding","keyman"
"Mbandja","zmz",0.006353,"Encoding","opentype_ms"
"Zaniza Zapotec","zpw",0.006353,"Encoding","keyman"
"Tilquiapan Zapotec","zts",0.006353,"Encoding","keyman"
"Ab","aba",0.00544,"Content","jw_materials"
"Arosi","aia",0.00544,"Content","youversion_bible"
"Alladian","ald",0.00544,"Content","youversion_bible"
"Sa'a","apb",0.00544,"Content","youversion_bible"
"Aralle-Tabulahan","atq",0.00544,"Content","youversion_bible"
"Budukh","bdk",0.00544,"Content","ss1"
"Bughotu","bgt",0.00544,"Content","youversion_bible"
"Baikeno","bkx",0.00544,"Content","sil_covid_docs"
"Bago-Kusuntu","bqg",0.00544,"Content","ss1"
"Baeggu","bvd",0.00544,"Content","youversion_bible"
"Tsiman","cas",0.00544,"Content","udhr_translation"
"Classical Mongolian","cmg",0.00544,"Content","wp_incubator"
"Pu-Xian Chinese","cpx",0.00544,"Content","wp_incubator"
"Huizhou Chinese","czh",0.00544,"Content","wp_incubator"
"Dhanwar (Nepal)","dhw",0.00544,"Content","udhr_translation"
"Mid Grand Valley Dani","dnt",0.00544,"Content","youversion_bible"
"Middle English (1100-1500)","enm",0.00544,"Content","gutenberg"
"Kalispel-Pend d'Oreille","fla",0.00544,"Content","wp_incubator"
"Gbagyi","gbr",0.00544,"Content","youversion_bible"
"Ghari","gri",0.00544,"Content","youversion_bible"
"Hajong","haj",0.00544,"Content","ss1"
"Ila","ilb",0.00544,"Content","youversion_bible"
"Isekiri","its",0.00544,"Content","jw_materials"
"Jordanian Sign Language","jos",0.00544,"Content","jw_materials"
"Num","kdk",0.00544,"Content","jw_materials"
"Kusunda","kgg",0.00544,"Content","udhr_translation"
"Kisar","kje",0.00544,"Content","youversion_bible"
"Tabo","knv",0.00544,"Content","youversion_bible"
"Kyenele","kql",0.00544,"Content","youversion_bible"
"Kwaio","kwd",0.00544,"Content","youversion_bible"
"Laru","lan",0.00544,"Content","bloom_library"
"Lengo","lgr",0.00544,"Content","bloom_library"
"Lumun","lmd",0.00544,"Content","youversion_bible"
"Eastern Lawa","lwl",0.00544,"Content","bloom_library"
"Malayo","mbp",0.00544,"Content","sil_covid_docs"
"Moru","mgd",0.00544,"Content","sil_covid_docs"
"Alacatlatzala Mixtec","mim",0.00544,"Content","youversion_bible"
"Michoacn Mazahua","mmc",0.00544,"Content","sil_covid_docs"
"Aruamu","msy",0.00544,"Content","youversion_bible"
"Nyamwanga","mwn",0.00544,"Content","jw_materials"
"Moma","myl",0.00544,"Content","ss1"
"Nawuri","naw",0.00544,"Content","youversion_bible"
"Nengone","nen",0.00544,"Content","jw_materials"
"Bouna Kulango","nku",0.00544,"Content","sil_covid_docs"
"Nimoa","nmw",0.00544,"Content","youversion_bible"
"Norn","nrn",0.00544,"Content","wp_incubator"
"Oroch","oac",0.00544,"Content","wp_incubator"
"Omaha-Ponca","oma",0.00544,"Content","wdl"
"Tenharim","pah",0.00544,"Content","youversion_bible"
"Phimbi","phm",0.00544,"Content","jw_materials"
"Uma","ppk",0.00544,"Content","youversion_bible"
"Dungmali","raa",0.00544,"Content","sil_covid_docs"
"Sawi","saw",0.00544,"Content","youversion_bible"
"Shatt","shj",0.00544,"Content","youversion_bible"
"Siriano","sri",0.00544,"Content","youversion_bible"
"Tai","taw",0.00544,"Content","youversion_bible"
"Kochila Tharu","thq",0.00544,"Content","ss1"
"Tsakhur","tkr",0.00544,"Content","ss1"
"Tanimuca-Retuar","tnc",0.00544,"Content","youversion_bible"
"Copala Triqui","trc",0.00544,"Content","youversion_bible"
"Tavoyan","tvn",0.00544,"Content","sil_covid_docs"
"Udihe","ude",0.00544,"Content","wp_incubator"
"Urub-Kaapor","urb",0.00544,"Content","youversion_bible"
"Wagiman","waq",0.00544,"Content","sil_covid_docs"
"Mwani","wmw",0.00544,"Content","youversion_bible"
"Kanakanabu","xnb",0.00544,"Content","wp_incubator"
"Yaminahua","yaa",0.00544,"Content","youversion_bible"
"Yimchungru Naga","yim",0.00544,"Content","youversion_bible"
"Copainal Zoque","zoc",0.00544,"Content","youversion_bible"
